src,dst
rid_546,rid_562
rid_546,rid_70
rid_86,rid_234
rid_86,rid_325
rid_86,rid_576
rid_949,rid_588
rid_949,rid_342
rid_949,rid_867
rid_949,rid_627
rid_949,rid_365
rid_949,rid_545
rid_949,rid_695
rid_574,rid_586
rid_675,rid_735
rid_675,rid_46
rid_675,rid_353
rid_675,rid_562
rid_675,rid_70
rid_934,rid_970
rid_934,rid_839
rid_934,rid_586
rid_934,rid_714
rid_587,rid_799
rid_587,rid_510
rid_587,rid_645
rid_438,rid_540
rid_438,rid_474
rid_438,rid_498
rid_438,rid_558
rid_234,rid_325
rid_234,rid_576
rid_599,rid_569
rid_234,rid_645
rid_234,rid_643
rid_724,rid_530
rid_462,rid_293
rid_462,rid_726
rid_462,rid_517
rid_462,rid_150
rid_462,rid_744
rid_462,rid_32
rid_951,rid_627
rid_951,rid_11
rid_963,rid_332
rid_963,rid_437
rid_963,rid_100
rid_407,rid_253
rid_407,rid_177
rid_332,rid_437
rid_332,rid_100
rid_853,rid_996
rid_588,rid_342
rid_588,rid_867
rid_588,rid_627
rid_588,rid_365
rid_588,rid_545
rid_588,rid_695
rid_900,rid_770
rid_909,rid_965
rid_828,rid_698
rid_828,rid_115
rid_970,rid_586
rid_709,rid_651
rid_705,rid_799
rid_705,rid_618
rid_305,rid_250
rid_305,rid_456
rid_305,rid_973
rid_305,rid_687
rid_305,rid_567
rid_305,rid_138
rid_573,rid_486
rid_573,rid_219
rid_938,rid_314
rid_938,rid_553
rid_938,rid_494
rid_938,rid_742
rid_938,rid_985
rid_938,rid_21
rid_779,rid_569
rid_479,rid_19
rid_479,rid_678
rid_479,rid_253
rid_479,rid_177
rid_91,rid_11
rid_91,rid_981
rid_91,rid_889
rid_586,rid_978
rid_586,rid_599
rid_586,rid_140
rid_586,rid_962
rid_303,rid_661
rid_303,rid_671
rid_303,rid_624
rid_303,rid_45
rid_439,rid_959
rid_439,rid_522
rid_439,rid_151
rid_439,rid_63
rid_439,rid_344
rid_439,rid_948
rid_439,rid_94
rid_726,rid_32
rid_726,rid_183
rid_719,rid_289
rid_719,rid_635
rid_719,rid_684
rid_44,rid_205
rid_44,rid_97
rid_297,rid_689
rid_297,rid_100
rid_297,rid_530
rid_297,rid_853
rid_899,rid_779
rid_899,rid_377
rid_899,rid_147
rid_899,rid_895
rid_899,rid_110
rid_899,rid_954
rid_356,rid_40
rid_342,rid_867
rid_342,rid_627
rid_342,rid_365
rid_342,rid_545
rid_342,rid_695
rid_845,rid_486
rid_845,rid_332
rid_845,rid_158
rid_845,rid_219
rid_279,rid_669
rid_279,rid_649
rid_279,rid_22
rid_279,rid_795
rid_279,rid_324
rid_279,rid_544
rid_978,rid_599
rid_21,rid_924
rid_21,rid_375
rid_683,rid_238
rid_329,rid_646
rid_329,rid_960
rid_329,rid_588
rid_329,rid_830
rid_329,rid_388
rid_210,rid_964
rid_210,rid_215
rid_181,rid_826
rid_181,rid_546
rid_824,rid_77
rid_824,rid_174
rid_824,rid_835
rid_824,rid_655
rid_417,rid_231
rid_147,rid_637
rid_147,rid_238
rid_661,rid_671
rid_661,rid_624
rid_661,rid_45
rid_263,rid_309
rid_263,rid_914
rid_263,rid_408
rid_669,rid_22
rid_669,rid_795
rid_669,rid_544
rid_867,rid_365
rid_867,rid_695
rid_568,rid_747
rid_568,rid_643
rid_568,rid_713
rid_779,rid_377
rid_779,rid_954
rid_699,rid_435
rid_699,rid_231
rid_699,rid_100
rid_526,rid_642
rid_526,rid_638
rid_526,rid_161
rid_526,rid_923
rid_526,rid_164
rid_526,rid_982
rid_667,rid_871
rid_667,rid_414
rid_667,rid_127
rid_931,rid_306
rid_931,rid_205
rid_931,rid_97
rid_931,rid_723
rid_652,rid_253
rid_652,rid_725
rid_652,rid_943
rid_652,rid_292
rid_172,rid_19
rid_172,rid_737
rid_172,rid_533
rid_921,rid_292
rid_387,rid_642
rid_387,rid_638
rid_387,rid_161
rid_387,rid_923
rid_387,rid_164
rid_387,rid_982
rid_112,rid_945
rid_660,rid_354
rid_660,rid_160
rid_660,rid_184
rid_660,rid_621
rid_660,rid_650
rid_660,rid_474
rid_337,rid_890
rid_309,rid_408
rid_14,rid_377
rid_14,rid_147
rid_14,rid_895
rid_14,rid_110
rid_14,rid_954
rid_11,rid_981
rid_11,rid_889
rid_951,rid_533
rid_885,rid_543
rid_885,rid_160
rid_885,rid_547
rid_377,rid_954
rid_442,rid_890
rid_914,rid_408
rid_277,rid_911
rid_277,rid_618
rid_5,rid_801
rid_5,rid_289
rid_5,rid_772
rid_314,rid_494
rid_314,rid_742
rid_314,rid_985
rid_984,rid_827
rid_984,rid_726
rid_379,rid_540
rid_379,rid_474
rid_379,rid_498
rid_379,rid_558
rid_518,rid_375
rid_518,rid_424
rid_518,rid_832
rid_614,rid_733
rid_614,rid_544
rid_614,rid_646
rid_819,rid_661
rid_819,rid_562
rid_707,rid_306
rid_707,rid_205
rid_707,rid_97
rid_707,rid_723
rid_39,rid_846
rid_816,rid_680
rid_816,rid_212
rid_816,rid_915
rid_816,rid_472
rid_816,rid_438
rid_130,rid_274
rid_130,rid_747
rid_130,rid_643
rid_130,rid_259
rid_130,rid_713
rid_11,rid_861
rid_871,rid_127
rid_24,rid_347
rid_24,rid_487
rid_24,rid_686
rid_24,rid_539
rid_24,rid_779
rid_538,rid_118
rid_196,rid_973
rid_196,rid_836
rid_196,rid_751
rid_196,rid_755
rid_196,rid_822
rid_196,rid_192
rid_196,rid_158
rid_338,rid_78
rid_338,rid_679
rid_338,rid_101
rid_338,rid_518
rid_261,rid_770
rid_649,rid_22
rid_649,rid_795
rid_649,rid_324
rid_649,rid_544
rid_144,rid_250
rid_144,rid_456
rid_144,rid_973
rid_144,rid_687
rid_144,rid_567
rid_144,rid_138
rid_865,rid_839
rid_865,rid_586
rid_865,rid_714
rid_435,rid_100
rid_785,rid_340
rid_785,rid_321
rid_785,rid_805
rid_785,rid_192
rid_41,rid_551
rid_540,rid_474
rid_74,rid_325
rid_74,rid_576
rid_930,rid_245
rid_930,rid_131
rid_930,rid_417
rid_717,rid_888
rid_737,rid_533
rid_534,rid_362
rid_534,rid_583
rid_534,rid_26
rid_597,rid_677
rid_597,rid_311
rid_597,rid_410
rid_597,rid_359
rid_597,rid_187
rid_597,rid_820
rid_597,rid_89
rid_597,rid_821
rid_597,rid_926
rid_597,rid_407
rid_77,rid_174
rid_77,rid_835
rid_77,rid_655
rid_117,rid_708
rid_456,rid_483
rid_456,rid_659
rid_456,rid_497
rid_456,rid_341
rid_510,rid_645
rid_180,rid_372
rid_180,rid_390
rid_180,rid_366
rid_32,rid_183
rid_613,rid_340
rid_613,rid_321
rid_613,rid_805
rid_613,rid_192
rid_699,rid_965
rid_699,rid_667
rid_147,rid_895
rid_147,rid_110
rid_147,rid_954
rid_889,rid_543
rid_889,rid_160
rid_889,rid_547
rid_889,rid_733
rid_671,rid_624
rid_671,rid_45
rid_652,rid_981
rid_652,rid_889
rid_651,rid_733
rid_677,rid_311
rid_677,rid_410
rid_677,rid_359
rid_677,rid_187
rid_677,rid_821
rid_677,rid_407
rid_864,rid_981
rid_864,rid_889
rid_22,rid_795
rid_22,rid_544
rid_698,rid_115
rid_451,rid_362
rid_451,rid_583
rid_451,rid_26
rid_211,rid_801
rid_211,rid_289
rid_211,rid_195
rid_211,rid_772
rid_627,rid_365
rid_627,rid_695
rid_274,rid_747
rid_274,rid_643
rid_274,rid_259
rid_274,rid_713
rid_311,rid_410
rid_311,rid_187
rid_476,rid_872
rid_624,rid_45
rid_481,rid_553
rid_481,rid_494
rid_481,rid_742
rid_481,rid_985
rid_481,rid_21
rid_321,rid_996
rid_321,rid_812
rid_321,rid_465
rid_321,rid_969
rid_321,rid_400
rid_19,rid_253
rid_19,rid_177
rid_904,rid_808
rid_61,rid_314
rid_61,rid_348
rid_740,rid_449
rid_959,rid_522
rid_959,rid_151
rid_959,rid_94
rid_981,rid_889
rid_483,rid_497
rid_483,rid_341
rid_735,rid_154
rid_225,rid_924
rid_225,rid_375
rid_253,rid_943
rid_253,rid_292
rid_298,rid_118
rid_999,rid_316
rid_999,rid_501
rid_999,rid_14
rid_999,rid_115
rid_354,rid_160
rid_354,rid_184
rid_354,rid_474
rid_498,rid_558
rid_733,rid_544
rid_733,rid_646
rid_90,rid_732
rid_90,rid_256
rid_90,rid_868
rid_414,rid_127
rid_678,rid_253
rid_678,rid_177
rid_826,rid_546
rid_347,rid_487
rid_347,rid_773
rid_347,rid_686
rid_347,rid_539
rid_347,rid_779
rid_936,rid_693
rid_936,rid_289
rid_952,rid_288
rid_952,rid_775
rid_952,rid_853
rid_952,rid_231
rid_487,rid_686
rid_487,rid_539
rid_487,rid_779
rid_652,rid_544
rid_652,rid_646
rid_157,rid_693
rid_157,rid_227
rid_157,rid_289
rid_693,rid_289
rid_49,rid_812
rid_49,rid_465
rid_49,rid_420
rid_49,rid_969
rid_49,rid_400
rid_227,rid_289
rid_680,rid_212
rid_680,rid_915
rid_680,rid_438
rid_365,rid_695
rid_456,rid_973
rid_456,rid_567
rid_314,rid_348
rid_839,rid_586
rid_34,rid_333
rid_34,rid_298
rid_246,rid_627
rid_246,rid_11
rid_563,rid_773
rid_347,rid_361
rid_347,rid_709
rid_703,rid_900
rid_703,rid_636
rid_703,rid_363
rid_703,rid_601
rid_288,rid_231
rid_78,rid_679
rid_78,rid_518
rid_870,rid_797
rid_870,rid_688
rid_895,rid_110
rid_895,rid_954
rid_725,rid_943
rid_725,rid_292
rid_50,rid_486
rid_50,rid_332
rid_50,rid_158
rid_50,rid_219
rid_325,rid_576
rid_316,rid_115
rid_637,rid_238
rid_900,rid_601
rid_943,rid_292
rid_161,rid_861
rid_642,rid_638
rid_973,rid_836
rid_973,rid_755
rid_973,rid_822
rid_973,rid_192
rid_973,rid_158
rid_435,rid_375
rid_435,rid_424
rid_435,rid_526
rid_435,rid_832
rid_435,rid_712
rid_744,rid_32
rid_659,rid_497
rid_659,rid_341
rid_689,rid_100
rid_689,rid_530
rid_689,rid_853
rid_553,rid_494
rid_553,rid_742
rid_553,rid_985
rid_306,rid_205
rid_306,rid_97
rid_306,rid_723
rid_775,rid_231
rid_494,rid_742
rid_245,rid_131
rid_160,rid_474
rid_170,rid_333
rid_170,rid_394
rid_170,rid_298
rid_170,rid_861
rid_962,rid_909
rid_522,rid_151
rid_646,rid_960
rid_646,rid_588
rid_646,rid_830
rid_646,rid_388
rid_73,rid_420
rid_450,rid_636
rid_450,rid_363
rid_450,rid_601
rid_923,rid_164
rid_923,rid_982
rid_635,rid_684
rid_885,rid_27
rid_885,rid_29
rid_100,rid_530
rid_100,rid_853
rid_924,rid_375
rid_732,rid_256
rid_23,rid_162
rid_23,rid_499
rid_23,rid_375
rid_162,rid_375
rid_321,rid_805
rid_362,rid_583
rid_359,rid_187
rid_359,rid_821
rid_359,rid_407
rid_747,rid_643
rid_747,rid_713
rid_959,rid_861
rid_775,rid_292
rid_184,rid_474
rid_384,rid_292
rid_812,rid_969
rid_372,rid_390
rid_792,rid_984
rid_792,rid_316
rid_499,rid_375
rid_465,rid_969
rid_465,rid_400
rid_836,rid_822
rid_836,rid_192
rid_116,rid_192
rid_315,rid_27
rid_315,rid_29
rid_315,rid_644
rid_259,rid_713
rid_375,rid_424
rid_375,rid_832
rid_27,rid_29
rid_817,rid_361
rid_817,rid_709
rid_817,rid_392
rid_683,rid_18
rid_424,rid_832
rid_751,rid_755
rid_751,rid_822
rid_751,rid_192
rid_751,rid_158
rid_984,rid_316
rid_636,rid_601
rid_643,rid_618
rid_506,rid_121
rid_506,rid_861
rid_124,rid_702
rid_124,rid_422
rid_124,rid_340
rid_231,rid_100
rid_526,rid_832
rid_104,rid_702
rid_104,rid_422
rid_104,rid_340
rid_375,rid_121
rid_375,rid_861
rid_501,rid_14
rid_501,rid_115
rid_901,rid_246
rid_957,rid_830
rid_957,rid_388
rid_475,rid_14
rid_475,rid_115
rid_332,rid_219
rid_158,rid_219
rid_830,rid_388
rid_890,rid_945
rid_853,rid_231
rid_110,rid_954
rid_246,rid_231
rid_973,rid_567
rid_25,rid_793
rid_289,rid_772
rid_121,rid_861
rid_621,rid_650
rid_621,rid_474
rid_377,rid_558
rid_296,rid_11
rid_714,rid_728
rid_14,rid_115
rid_394,rid_298
rid_988,rid_945
rid_702,rid_422
rid_702,rid_340
rid_827,rid_726
rid_687,rid_567
rid_687,rid_138
rid_497,rid_341
rid_140,rid_962
rid_562,rid_70
rid_101,rid_518
rid_498,rid_164
rid_498,rid_982
rid_498,rid_636
rid_63,rid_94
rid_755,rid_822
rid_755,rid_192
rid_755,rid_158
rid_795,rid_544
rid_545,rid_695
rid_363,rid_601
rid_220,rid_366
rid_195,rid_772
rid_307,rid_215
rid_970,rid_366
rid_530,rid_853
rid_420,rid_969
rid_420,rid_400
rid_337,rid_975
rid_773,rid_686
rid_773,rid_539
rid_773,rid_779
rid_630,rid_449
rid_686,rid_779
rid_786,rid_70
rid_841,rid_79
rid_472,rid_438
rid_822,rid_192
rid_538,rid_168
rid_14,rid_341
rid_324,rid_544
rid_650,rid_474
rid_344,rid_94
rid_948,rid_94
rid_539,rid_779
rid_692,rid_497
rid_325,rid_909
rid_820,rid_821
rid_820,rid_407
rid_113,rid_770
rid_294,rid_429
rid_294,rid_772
rid_89,rid_821
rid_89,rid_926
rid_89,rid_407
rid_821,rid_407
rid_682,rid_168
rid_926,rid_407
rid_211,rid_626
rid_211,rid_518
rid_211,rid_375
rid_211,rid_424
rid_211,rid_832
rid_564,rid_941
rid_807,rid_65
rid_807,rid_139
rid_807,rid_13
rid_807,rid_207
rid_807,rid_34
rid_807,rid_170
rid_807,rid_333
rid_807,rid_394
rid_807,rid_298
rid_807,rid_861
rid_314,rid_10
rid_314,rid_909
rid_314,rid_965
rid_553,rid_309
rid_553,rid_914
rid_553,rid_408
rid_927,rid_379
rid_927,rid_345
rid_927,rid_890
rid_927,rid_335
rid_917,rid_913
rid_917,rid_911
rid_917,rid_618
rid_233,rid_574
rid_233,rid_934
rid_233,rid_970
rid_233,rid_839
rid_233,rid_586
rid_233,rid_714
rid_724,rid_391
rid_724,rid_857
rid_724,rid_962
rid_724,rid_325
rid_724,rid_909
rid_112,rid_221
rid_112,rid_896
rid_112,rid_513
rid_112,rid_848
rid_52,rid_846
rid_52,rid_383
rid_52,rid_587
rid_52,rid_234
rid_52,rid_645
rid_52,rid_568
rid_52,rid_130
rid_52,rid_274
rid_52,rid_747
rid_52,rid_643
rid_52,rid_259
rid_52,rid_713
rid_251,rid_115
rid_251,rid_362
rid_251,rid_583
rid_251,rid_26
rid_133,rid_460
rid_720,rid_494
rid_720,rid_742
rid_828,rid_17
rid_828,rid_840
rid_766,rid_413
rid_766,rid_904
rid_766,rid_808
rid_664,rid_898
rid_664,rid_101
rid_65,rid_139
rid_65,rid_333
rid_65,rid_298
rid_531,rid_81
rid_531,rid_963
rid_531,rid_826
rid_531,rid_546
rid_257,rid_11
rid_257,rid_981
rid_257,rid_889
rid_193,rid_278
rid_940,rid_253
rid_940,rid_725
rid_940,rid_943
rid_940,rid_292
rid_22,rid_11
rid_22,rid_981
rid_22,rid_889
rid_470,rid_872
rid_470,rid_314
rid_470,rid_100
rid_755,rid_602
rid_755,rid_449
rid_867,rid_115
rid_867,rid_362
rid_867,rid_583
rid_867,rid_26
rid_496,rid_250
rid_496,rid_567
rid_379,rid_913
rid_379,rid_277
rid_379,rid_911
rid_379,rid_643
rid_379,rid_618
rid_918,rid_437
rid_836,rid_52
rid_836,rid_520
rid_836,rid_538
rid_836,rid_118
rid_230,rid_973
rid_230,rid_836
rid_230,rid_751
rid_230,rid_755
rid_230,rid_822
rid_230,rid_192
rid_230,rid_158
rid_727,rid_106
rid_727,rid_1
rid_727,rid_726
rid_477,rid_692
rid_477,rid_779
rid_477,rid_377
rid_477,rid_895
rid_477,rid_110
rid_477,rid_954
rid_764,rid_102
rid_764,rid_988
rid_764,rid_81
rid_764,rid_963
rid_764,rid_181
rid_764,rid_826
rid_764,rid_546
rid_384,rid_569
rid_846,rid_383
rid_846,rid_587
rid_846,rid_234
rid_846,rid_645
rid_846,rid_568
rid_846,rid_130
rid_846,rid_274
rid_846,rid_747
rid_846,rid_643
rid_846,rid_259
rid_846,rid_713
rid_408,rid_310
rid_408,rid_245
rid_408,rid_692
rid_408,rid_497
rid_438,rid_699
rid_438,rid_131
rid_254,rid_795
rid_254,rid_675
rid_254,rid_186
rid_254,rid_520
rid_254,rid_789
rid_254,rid_179
rid_355,rid_234
rid_355,rid_325
rid_355,rid_576
rid_988,rid_41
rid_988,rid_551
rid_988,rid_188
rid_855,rid_964
rid_855,rid_215
rid_762,rid_927
rid_762,rid_988
rid_17,rid_927
rid_17,rid_988
rid_780,rid_359
rid_780,rid_945
rid_310,rid_245
rid_368,rid_853
rid_368,rid_996
rid_801,rid_738
rid_801,rid_819
rid_801,rid_661
rid_801,rid_562
rid_334,rid_410
rid_334,rid_149
rid_681,rid_34
rid_681,rid_927
rid_681,rid_988
rid_681,rid_237
rid_848,rid_735
rid_685,rid_100
rid_685,rid_732
rid_685,rid_256
rid_685,rid_868
rid_914,rid_376
rid_914,rid_344
rid_787,rid_293
rid_964,rid_526
rid_964,rid_642
rid_964,rid_638
rid_964,rid_161
rid_964,rid_923
rid_964,rid_164
rid_964,rid_982
rid_512,rid_709
rid_512,rid_332
rid_512,rid_437
rid_512,rid_100
rid_10,rid_909
rid_10,rid_965
rid_207,rid_188
rid_207,rid_39
rid_207,rid_846
rid_207,rid_337
rid_207,rid_975
rid_207,rid_240
rid_983,rid_453
rid_983,rid_543
rid_983,rid_160
rid_983,rid_547
rid_525,rid_207
rid_525,rid_775
rid_525,rid_852
rid_424,rid_626
rid_424,rid_518
rid_424,rid_375
rid_424,rid_424
rid_424,rid_526
rid_424,rid_832
rid_424,rid_712
rid_121,rid_28
rid_121,rid_663
rid_121,rid_835
rid_121,rid_724
rid_121,rid_530
rid_121,rid_140
rid_359,rid_945
rid_602,rid_449
rid_578,rid_528
rid_578,rid_453
rid_578,rid_885
rid_578,rid_543
rid_578,rid_160
rid_578,rid_547
rid_473,rid_872
rid_473,rid_314
rid_473,rid_100
rid_379,rid_345
rid_379,rid_890
rid_379,rid_335
rid_44,rid_692
rid_44,rid_899
rid_44,rid_779
rid_44,rid_377
rid_44,rid_147
rid_44,rid_895
rid_44,rid_110
rid_44,rid_954
rid_562,rid_141
rid_562,rid_735
rid_562,rid_154
rid_383,rid_587
rid_383,rid_645
rid_383,rid_643
rid_417,rid_348
rid_417,rid_959
rid_417,rid_522
rid_417,rid_151
rid_417,rid_63
rid_417,rid_344
rid_417,rid_94
rid_735,rid_540
rid_735,rid_474
rid_735,rid_498
rid_735,rid_558
rid_843,rid_945
rid_123,rid_401
rid_123,rid_8
rid_123,rid_976
rid_123,rid_180
rid_123,rid_372
rid_123,rid_390
rid_123,rid_970
rid_123,rid_366
rid_728,rid_900
rid_728,rid_261
rid_728,rid_770
rid_595,rid_902
rid_595,rid_256
rid_595,rid_870
rid_595,rid_797
rid_595,rid_688
rid_774,rid_550
rid_774,rid_41
rid_774,rid_551
rid_774,rid_188
rid_774,rid_185
rid_115,rid_362
rid_115,rid_583
rid_120,rid_675
rid_120,rid_735
rid_120,rid_46
rid_120,rid_353
rid_120,rid_562
rid_120,rid_70
rid_372,rid_141
rid_372,rid_735
rid_372,rid_154
rid_493,rid_864
rid_493,rid_703
rid_493,rid_900
rid_493,rid_636
rid_493,rid_363
rid_493,rid_601
rid_219,rid_56
rid_219,rid_585
rid_219,rid_180
rid_219,rid_61
rid_219,rid_314
rid_219,rid_348
rid_219,rid_538
rid_219,rid_682
rid_219,rid_168
rid_900,rid_683
rid_900,rid_238
rid_276,rid_8
rid_276,rid_62
rid_276,rid_100
rid_276,rid_90
rid_276,rid_732
rid_276,rid_256
rid_276,rid_868
rid_723,rid_962
rid_723,rid_830
rid_723,rid_183
rid_746,rid_867
rid_746,rid_627
rid_746,rid_365
rid_746,rid_695
rid_944,rid_658
rid_388,rid_974
rid_388,rid_951
rid_388,rid_246
rid_388,rid_627
rid_388,rid_11
rid_960,rid_263
rid_960,rid_309
rid_960,rid_914
rid_960,rid_408
rid_357,rid_86
rid_357,rid_234
rid_357,rid_74
rid_357,rid_325
rid_357,rid_576
rid_750,rid_309
rid_417,rid_156
rid_417,rid_410
rid_417,rid_149
rid_417,rid_689
rid_417,rid_100
rid_417,rid_530
rid_417,rid_853
rid_52,rid_520
rid_52,rid_538
rid_52,rid_118
rid_839,rid_614
rid_839,rid_733
rid_839,rid_544
rid_839,rid_646
rid_34,rid_927
rid_34,rid_988
rid_34,rid_237
rid_47,rid_938
rid_47,rid_314
rid_47,rid_553
rid_47,rid_494
rid_47,rid_742
rid_47,rid_985
rid_47,rid_21
rid_914,rid_295
rid_914,rid_667
rid_914,rid_871
rid_914,rid_414
rid_914,rid_127
rid_528,rid_453
rid_528,rid_543
rid_528,rid_160
rid_528,rid_547
rid_820,rid_117
rid_820,rid_708
rid_500,rid_289
rid_500,rid_684
rid_860,rid_193
rid_860,rid_844
rid_860,rid_563
rid_860,rid_773
rid_860,rid_762
rid_860,rid_792
rid_860,rid_984
rid_860,rid_316
rid_860,rid_458
rid_56,rid_585
rid_56,rid_180
rid_56,rid_348
rid_943,rid_955
rid_943,rid_458
rid_943,rid_21
rid_943,rid_225
rid_943,rid_924
rid_943,rid_23
rid_943,rid_162
rid_943,rid_499
rid_943,rid_375
rid_8,rid_100
rid_8,rid_732
rid_8,rid_256
rid_8,rid_868
rid_106,rid_1
rid_859,rid_185
rid_859,rid_544
rid_859,rid_205
rid_859,rid_97
rid_185,rid_544
rid_185,rid_205
rid_185,rid_97
rid_65,rid_112
rid_65,rid_945
rid_857,rid_909
rid_98,rid_156
rid_98,rid_410
rid_98,rid_149
rid_98,rid_297
rid_98,rid_689
rid_98,rid_100
rid_98,rid_530
rid_98,rid_853
rid_62,rid_100
rid_62,rid_732
rid_62,rid_256
rid_62,rid_868
rid_898,rid_101
rid_348,rid_456
rid_348,rid_483
rid_348,rid_659
rid_348,rid_497
rid_348,rid_14
rid_348,rid_341
rid_348,rid_484
rid_940,rid_717
rid_940,rid_888
rid_940,rid_420
rid_139,rid_333
rid_713,rid_885
rid_713,rid_315
rid_713,rid_27
rid_713,rid_29
rid_713,rid_644
rid_567,rid_569
rid_953,rid_717
rid_953,rid_888
rid_953,rid_73
rid_953,rid_420
rid_141,rid_735
rid_141,rid_154
rid_907,rid_129
rid_907,rid_245
rid_907,rid_131
rid_955,rid_458
rid_955,rid_21
rid_955,rid_225
rid_955,rid_924
rid_955,rid_162
rid_955,rid_375
rid_607,rid_872
rid_607,rid_314
rid_607,rid_435
rid_607,rid_100
rid_685,rid_853
rid_685,rid_996
rid_685,rid_812
rid_685,rid_969
rid_685,rid_400
rid_156,rid_410
rid_156,rid_149
rid_156,rid_853
rid_478,rid_719
rid_478,rid_289
rid_478,rid_635
rid_478,rid_684
rid_478,rid_429
rid_746,rid_945
rid_746,rid_413
rid_746,rid_904
rid_746,rid_808
rid_746,rid_878
rid_709,rid_437
rid_709,rid_100
rid_448,rid_45
rid_835,rid_530
rid_864,rid_900
rid_864,rid_636
rid_864,rid_363
rid_864,rid_601
rid_692,rid_954
rid_465,rid_921
rid_465,rid_292
rid_465,rid_728
rid_77,rid_974
rid_77,rid_951
rid_77,rid_246
rid_77,rid_627
rid_77,rid_11
rid_974,rid_627
rid_974,rid_11
rid_984,rid_337
rid_984,rid_890
rid_795,rid_186
rid_795,rid_789
rid_348,rid_959
rid_348,rid_522
rid_348,rid_151
rid_348,rid_63
rid_348,rid_344
rid_348,rid_94
rid_176,rid_401
rid_176,rid_8
rid_176,rid_976
rid_176,rid_180
rid_176,rid_372
rid_176,rid_390
rid_176,rid_970
rid_176,rid_366
rid_102,rid_988
rid_102,rid_81
rid_102,rid_963
rid_102,rid_826
rid_102,rid_546
rid_872,rid_314
rid_401,rid_976
rid_401,rid_180
rid_401,rid_372
rid_401,rid_390
rid_401,rid_970
rid_401,rid_366
rid_755,rid_978
rid_755,rid_599
rid_755,rid_962
rid_718,rid_438
rid_718,rid_379
rid_718,rid_540
rid_718,rid_474
rid_718,rid_498
rid_718,rid_377
rid_718,rid_558
rid_92,rid_810
rid_92,rid_293
rid_92,rid_726
rid_92,rid_517
rid_92,rid_150
rid_92,rid_32
rid_421,rid_419
rid_421,rid_476
rid_421,rid_872
rid_421,rid_246
rid_912,rid_359
rid_912,rid_583
rid_912,rid_460
rid_912,rid_814
rid_550,rid_41
rid_550,rid_551
rid_550,rid_188
rid_550,rid_185
rid_945,rid_413
rid_945,rid_904
rid_945,rid_808
rid_945,rid_878
rid_877,rid_183
rid_877,rid_25
rid_877,rid_793
rid_628,rid_683
rid_628,rid_238
rid_285,rid_900
rid_285,rid_261
rid_285,rid_770
rid_410,rid_149
rid_8,rid_976
rid_8,rid_180
rid_8,rid_372
rid_8,rid_390
rid_8,rid_970
rid_8,rid_366
rid_913,rid_799
rid_913,rid_618
rid_100,rid_779
rid_188,rid_39
rid_188,rid_846
rid_188,rid_975
rid_453,rid_543
rid_675,rid_186
rid_675,rid_520
rid_675,rid_789
rid_232,rid_88
rid_186,rid_789
rid_976,rid_180
rid_976,rid_372
rid_976,rid_390
rid_976,rid_970
rid_976,rid_366
rid_221,rid_896
rid_221,rid_513
rid_221,rid_848
rid_927,rid_347
rid_927,rid_817
rid_927,rid_361
rid_927,rid_709
rid_927,rid_392
rid_810,rid_293
rid_345,rid_890
rid_345,rid_335
rid_413,rid_904
rid_413,rid_808
rid_458,rid_924
rid_458,rid_375
rid_297,rid_959
rid_297,rid_522
rid_297,rid_151
rid_297,rid_63
rid_297,rid_344
rid_297,rid_948
rid_297,rid_94
rid_359,rid_460
rid_359,rid_814
rid_745,rid_853
rid_745,rid_996
rid_745,rid_812
rid_745,rid_465
rid_745,rid_969
rid_745,rid_400
rid_148,rid_174
rid_520,rid_789
rid_583,rid_460
rid_583,rid_814
rid_988,rid_81
rid_988,rid_963
rid_988,rid_826
rid_988,rid_546
rid_193,rid_844
rid_13,rid_207
rid_13,rid_34
rid_13,rid_170
rid_13,rid_333
rid_13,rid_394
rid_13,rid_298
rid_13,rid_861
rid_129,rid_245
rid_129,rid_131
rid_207,rid_333
rid_207,rid_298
rid_328,rid_573
rid_328,rid_845
rid_328,rid_50
rid_328,rid_486
rid_328,rid_332
rid_328,rid_158
rid_328,rid_219
rid_295,rid_667
rid_295,rid_871
rid_295,rid_414
rid_295,rid_127
rid_81,rid_963
rid_81,rid_826
rid_81,rid_546
rid_546,rid_675
rid_546,rid_735
rid_546,rid_46
rid_546,rid_353
rid_949,rid_951
rid_949,rid_533
rid_949,rid_404
rid_221,rid_410
rid_221,rid_187
rid_283,rid_120
rid_333,rid_820
rid_333,rid_440
rid_333,rid_425
rid_333,rid_630
rid_333,rid_449
rid_992,rid_641
rid_992,rid_962
rid_992,rid_830
rid_992,rid_183
rid_410,rid_855
rid_410,rid_964
rid_410,rid_215
rid_337,rid_575
rid_337,rid_384
rid_337,rid_567
rid_337,rid_599
rid_337,rid_779
rid_337,rid_569
rid_398,rid_963
rid_75,rid_828
rid_75,rid_233
rid_75,rid_574
rid_75,rid_934
rid_75,rid_970
rid_75,rid_839
rid_75,rid_586
rid_75,rid_714
rid_378,rid_141
rid_378,rid_909
rid_378,rid_965
rid_5,rid_533
rid_96,rid_968
rid_96,rid_787
rid_96,rid_810
rid_96,rid_293
rid_96,rid_726
rid_96,rid_517
rid_549,rid_251
rid_549,rid_115
rid_549,rid_362
rid_549,rid_583
rid_549,rid_26
rid_607,rid_900
rid_607,rid_628
rid_607,rid_683
rid_607,rid_238
rid_748,rid_699
rid_748,rid_131
rid_514,rid_133
rid_514,rid_359
rid_514,rid_460
rid_514,rid_814
rid_581,rid_289
rid_581,rid_962
rid_581,rid_158
rid_581,rid_785
rid_581,rid_613
rid_581,rid_340
rid_581,rid_321
rid_581,rid_805
rid_581,rid_116
rid_581,rid_192
rid_618,rid_840
rid_618,rid_54
rid_618,rid_578
rid_618,rid_882
rid_618,rid_984
rid_618,rid_337
rid_618,rid_442
rid_618,rid_890
rid_987,rid_452
rid_987,rid_960
rid_135,rid_844
rid_278,rid_90
rid_155,rid_921
rid_155,rid_292
rid_155,rid_728
rid_981,rid_465
rid_981,rid_921
rid_981,rid_292
rid_981,rid_728
rid_646,rid_453
rid_646,rid_543
rid_901,rid_257
rid_901,rid_22
rid_901,rid_91
rid_901,rid_11
rid_901,rid_652
rid_901,rid_864
rid_901,rid_981
rid_901,rid_889
rid_795,rid_193
rid_795,rid_278
rid_795,rid_5
rid_795,rid_801
rid_795,rid_289
rid_795,rid_772
rid_399,rid_423
rid_399,rid_648
rid_399,rid_81
rid_399,rid_963
rid_399,rid_826
rid_399,rid_546
rid_167,rid_776
rid_167,rid_148
rid_167,rid_77
rid_167,rid_174
rid_167,rid_835
rid_167,rid_655
rid_230,rid_400
rid_230,rid_1
rid_490,rid_400
rid_490,rid_106
rid_490,rid_1
rid_490,rid_726
rid_498,rid_864
rid_498,rid_900
rid_498,rid_636
rid_498,rid_363
rid_498,rid_601
rid_289,rid_173
rid_289,rid_482
rid_289,rid_877
rid_289,rid_183
rid_289,rid_25
rid_289,rid_793
rid_469,rid_587
rid_737,rid_372
rid_737,rid_390
rid_698,rid_846
rid_918,rid_288
rid_918,rid_356
rid_918,rid_202
rid_918,rid_549
rid_918,rid_448
rid_918,rid_45
rid_287,rid_388
rid_287,rid_974
rid_287,rid_951
rid_287,rid_246
rid_287,rid_627
rid_287,rid_11
rid_289,rid_962
rid_289,rid_158
rid_289,rid_340
rid_289,rid_321
rid_289,rid_805
rid_953,rid_309
rid_953,rid_408
rid_879,rid_376
rid_400,rid_905
rid_400,rid_486
rid_429,rid_489
rid_942,rid_124
rid_942,rid_138
rid_942,rid_470
rid_942,rid_473
rid_942,rid_607
rid_942,rid_872
rid_942,rid_314
rid_942,rid_435
rid_942,rid_231
rid_942,rid_100
rid_953,rid_583
rid_378,rid_65
rid_378,rid_139
rid_378,rid_333
rid_378,rid_298
rid_288,rid_45
rid_420,rid_546
rid_420,rid_465
rid_420,rid_921
rid_420,rid_292
rid_420,rid_728
rid_134,rid_512
rid_134,rid_581
rid_134,rid_973
rid_134,rid_836
rid_134,rid_751
rid_134,rid_755
rid_134,rid_822
rid_134,rid_192
rid_134,rid_158
rid_359,rid_927
rid_359,rid_988
rid_956,rid_527
rid_956,rid_270
rid_956,rid_544
rid_84,rid_799
rid_84,rid_510
rid_84,rid_645
rid_741,rid_864
rid_741,rid_703
rid_741,rid_900
rid_741,rid_636
rid_741,rid_363
rid_741,rid_601
rid_776,rid_148
rid_776,rid_174
rid_776,rid_835
rid_776,rid_655
rid_223,rid_735
rid_223,rid_540
rid_223,rid_474
rid_223,rid_498
rid_223,rid_558
rid_376,rid_120
rid_376,rid_914
rid_376,rid_295
rid_376,rid_667
rid_376,rid_871
rid_376,rid_414
rid_376,rid_127
rid_132,rid_848
rid_132,rid_735
rid_132,rid_46
rid_132,rid_353
rid_378,rid_771
rid_378,rid_993
rid_378,rid_97
rid_378,rid_498
rid_378,rid_736
rid_378,rid_738
rid_378,rid_819
rid_378,rid_661
rid_378,rid_562
rid_750,rid_278
rid_750,rid_356
rid_750,rid_120
rid_750,rid_709
rid_750,rid_651
rid_771,rid_993
rid_771,rid_97
rid_771,rid_498
rid_771,rid_736
rid_771,rid_738
rid_771,rid_661
rid_947,rid_750
rid_947,rid_309
rid_947,rid_702
rid_947,rid_422
rid_947,rid_340
rid_426,rid_160
rid_426,rid_184
rid_426,rid_474
rid_408,rid_65
rid_408,rid_139
rid_408,rid_207
rid_408,rid_34
rid_408,rid_333
rid_408,rid_298
rid_356,rid_448
rid_356,rid_45
rid_930,rid_499
rid_930,rid_849
rid_774,rid_202
rid_774,rid_711
rid_774,rid_859
rid_774,rid_185
rid_774,rid_544
rid_774,rid_44
rid_774,rid_931
rid_774,rid_306
rid_774,rid_205
rid_774,rid_97
rid_774,rid_723
rid_643,rid_991
rid_643,rid_985
rid_643,rid_147
rid_643,rid_637
rid_643,rid_238
rid_643,rid_847
rid_423,rid_648
rid_423,rid_963
rid_423,rid_826
rid_423,rid_546
rid_202,rid_549
rid_202,rid_448
rid_202,rid_45
rid_645,rid_496
rid_645,rid_250
rid_645,rid_456
rid_645,rid_973
rid_645,rid_567
rid_645,rid_138
rid_128,rid_908
rid_97,rid_141
rid_97,rid_314
rid_97,rid_10
rid_97,rid_909
rid_97,rid_965
rid_316,rid_417
rid_316,rid_288
rid_316,rid_775
rid_316,rid_231
rid_800,rid_335
rid_800,rid_19
rid_932,rid_212
rid_932,rid_915
rid_576,rid_39
rid_576,rid_846
rid_576,rid_975
rid_773,rid_717
rid_773,rid_888
rid_773,rid_420
rid_899,rid_635
rid_899,rid_335
rid_899,rid_19
rid_899,rid_533
rid_840,rid_54
rid_840,rid_578
rid_840,rid_882
rid_840,rid_984
rid_840,rid_337
rid_840,rid_442
rid_840,rid_890
rid_660,rid_584
rid_660,rid_100
rid_660,rid_686
rid_660,rid_539
rid_660,rid_779
rid_499,rid_849
rid_995,rid_520
rid_549,rid_448
rid_549,rid_45
rid_228,rid_193
rid_228,rid_844
rid_228,rid_563
rid_228,rid_773
rid_228,rid_762
rid_228,rid_984
rid_228,rid_316
rid_801,rid_120
rid_801,rid_914
rid_801,rid_295
rid_801,rid_667
rid_801,rid_871
rid_801,rid_414
rid_801,rid_127
rid_70,rid_792
rid_70,rid_489
rid_962,rid_158
rid_962,rid_340
rid_745,rid_583
rid_745,rid_17
rid_991,rid_985
rid_286,rid_822
rid_286,rid_438
rid_286,rid_699
rid_286,rid_907
rid_286,rid_129
rid_286,rid_245
rid_286,rid_131
rid_792,rid_489
rid_202,rid_544
rid_202,rid_205
rid_278,rid_356
rid_278,rid_120
rid_278,rid_709
rid_278,rid_651
rid_272,rid_633
rid_272,rid_917
rid_272,rid_379
rid_272,rid_913
rid_272,rid_277
rid_272,rid_911
rid_272,rid_643
rid_272,rid_618
rid_584,rid_100
rid_584,rid_686
rid_584,rid_539
rid_584,rid_779
rid_706,rid_913
rid_706,rid_799
rid_706,rid_618
rid_998,rid_391
rid_998,rid_909
rid_546,rid_465
rid_546,rid_921
rid_546,rid_292
rid_546,rid_728
rid_124,rid_138
rid_124,rid_470
rid_124,rid_473
rid_124,rid_872
rid_124,rid_314
rid_124,rid_435
rid_124,rid_100
rid_54,rid_578
rid_54,rid_882
rid_666,rid_985
rid_666,rid_147
rid_666,rid_637
rid_666,rid_238
rid_666,rid_847
rid_982,rid_735
rid_982,rid_540
rid_982,rid_474
rid_982,rid_498
rid_982,rid_558
rid_527,rid_270
rid_527,rid_544
rid_270,rid_544
rid_135,rid_573
rid_135,rid_845
rid_135,rid_486
rid_135,rid_332
rid_135,rid_158
rid_135,rid_219
rid_806,rid_448
rid_806,rid_661
rid_806,rid_671
rid_806,rid_624
rid_806,rid_45
rid_237,rid_328
rid_237,rid_573
rid_237,rid_845
rid_237,rid_50
rid_237,rid_486
rid_237,rid_332
rid_237,rid_158
rid_237,rid_219
rid_435,rid_993
rid_435,rid_36
rid_435,rid_498
rid_435,rid_285
rid_435,rid_651
rid_435,rid_733
rid_795,rid_836
rid_795,rid_52
rid_795,rid_520
rid_795,rid_538
rid_795,rid_118
rid_167,rid_78
rid_167,rid_735
rid_167,rid_438
rid_167,rid_379
rid_167,rid_540
rid_167,rid_474
rid_167,rid_498
rid_167,rid_558
rid_138,rid_872
rid_138,rid_314
rid_138,rid_100
rid_301,rid_822
rid_301,rid_438
rid_301,rid_699
rid_301,rid_907
rid_301,rid_129
rid_301,rid_930
rid_301,rid_245
rid_301,rid_131
rid_301,rid_417
rid_993,rid_498
rid_734,rid_496
rid_734,rid_305
rid_734,rid_144
rid_734,rid_250
rid_734,rid_456
rid_734,rid_973
rid_734,rid_687
rid_734,rid_567
rid_734,rid_138
rid_853,rid_918
rid_853,rid_512
rid_853,rid_709
rid_853,rid_332
rid_853,rid_437
rid_853,rid_100
rid_929,rid_679
rid_929,rid_518
rid_36,rid_498
rid_527,rid_525
rid_641,rid_962
rid_74,rid_417
rid_74,rid_348
rid_74,rid_297
rid_74,rid_439
rid_74,rid_959
rid_74,rid_522
rid_74,rid_151
rid_74,rid_63
rid_74,rid_344
rid_74,rid_948
rid_74,rid_94
rid_635,rid_335
rid_635,rid_19
rid_97,rid_738
rid_97,rid_661
rid_173,rid_482
rid_173,rid_183
rid_173,rid_25
rid_173,rid_793
rid_78,rid_735
rid_78,rid_438
rid_78,rid_540
rid_78,rid_474
rid_78,rid_498
rid_78,rid_558
rid_967,rid_849
rid_967,rid_232
rid_967,rid_88
rid_105,rid_207
rid_105,rid_188
rid_105,rid_39
rid_105,rid_846
rid_105,rid_337
rid_105,rid_975
rid_105,rid_240
rid_648,rid_963
rid_118,rid_292
rid_118,rid_421
rid_118,rid_419
rid_118,rid_476
rid_118,rid_872
rid_118,rid_901
rid_118,rid_246
rid_828,rid_574
rid_828,rid_970
rid_828,rid_839
rid_828,rid_586
rid_828,rid_714
rid_21,rid_727
rid_21,rid_347
rid_21,rid_361
rid_21,rid_709
rid_21,rid_392
rid_692,rid_461
rid_692,rid_700
rid_692,rid_944
rid_692,rid_658
rid_692,rid_820
rid_692,rid_117
rid_692,rid_708
rid_960,rid_329
rid_960,rid_500
rid_960,rid_478
rid_960,rid_719
rid_960,rid_289
rid_960,rid_635
rid_960,rid_684
rid_960,rid_294
rid_960,rid_429
rid_960,rid_772
rid_468,rid_65
rid_468,rid_139
rid_468,rid_207
rid_468,rid_34
rid_468,rid_170
rid_468,rid_333
rid_468,rid_394
rid_468,rid_298
rid_468,rid_861
rid_711,rid_859
rid_711,rid_185
rid_711,rid_544
rid_711,rid_44
rid_711,rid_205
rid_711,rid_97
rid_711,rid_723
rid_10,rid_148
rid_10,rid_824
rid_10,rid_77
rid_10,rid_174
rid_10,rid_835
rid_10,rid_655
rid_133,rid_359
rid_133,rid_945
rid_847,rid_727
rid_847,rid_347
rid_847,rid_817
rid_847,rid_361
rid_847,rid_709
rid_847,rid_392
rid_512,rid_581
rid_512,rid_822
rid_512,rid_192
rid_519,rid_902
rid_519,rid_256
rid_902,rid_368
rid_902,rid_685
rid_902,rid_745
rid_902,rid_853
rid_902,rid_996
rid_902,rid_812
rid_902,rid_465
rid_902,rid_969
rid_902,rid_400
rid_498,rid_736
rid_498,rid_738
rid_498,rid_661
rid_736,rid_738
rid_736,rid_661
rid_461,rid_700
rid_461,rid_658
rid_468,rid_483
rid_468,rid_497
rid_468,rid_341
rid_595,rid_848
rid_595,rid_120
rid_595,rid_546
rid_595,rid_675
rid_595,rid_735
rid_595,rid_46
rid_595,rid_353
rid_595,rid_562
rid_595,rid_786
rid_595,rid_70
rid_321,rid_448
rid_321,rid_303
rid_321,rid_661
rid_321,rid_671
rid_321,rid_624
rid_321,rid_45
rid_843,rid_366
rid_843,rid_66
rid_843,rid_940
rid_843,rid_652
rid_843,rid_253
rid_843,rid_725
rid_843,rid_943
rid_843,rid_292
rid_575,rid_569
rid_356,rid_465
rid_356,rid_921
rid_356,rid_292
rid_356,rid_714
rid_356,rid_728
rid_328,rid_913
rid_328,rid_799
rid_328,rid_618
rid_308,rid_951
rid_308,rid_533
rid_308,rid_404
rid_356,rid_120
rid_356,rid_651
rid_578,rid_882
rid_402,rid_890
rid_101,rid_766
rid_101,rid_945
rid_101,rid_413
rid_101,rid_904
rid_101,rid_808
rid_101,rid_878
rid_329,rid_500
rid_329,rid_719
rid_329,rid_289
rid_329,rid_635
rid_329,rid_684
rid_329,rid_429
rid_749,rid_742
rid_490,rid_553
rid_490,rid_960
rid_490,rid_263
rid_490,rid_309
rid_490,rid_914
rid_490,rid_408
rid_822,rid_438
rid_822,rid_699
rid_822,rid_245
rid_822,rid_131
rid_381,rid_22
rid_381,rid_795
rid_381,rid_544
rid_637,rid_5
rid_637,rid_533
rid_431,rid_89
rid_431,rid_133
rid_431,rid_460
rid_950,rid_657
rid_950,rid_854
rid_950,rid_220
rid_950,rid_359
rid_950,rid_762
rid_950,rid_17
rid_950,rid_681
rid_950,rid_34
rid_950,rid_927
rid_950,rid_988
rid_950,rid_237
rid_896,rid_113
rid_896,rid_498
rid_320,rid_299
rid_320,rid_30
rid_320,rid_148
rid_320,rid_127
rid_320,rid_646
rid_320,rid_983
rid_320,rid_528
rid_320,rid_453
rid_320,rid_885
rid_320,rid_543
rid_320,rid_160
rid_320,rid_547
rid_935,rid_47
rid_935,rid_964
rid_935,rid_526
rid_935,rid_642
rid_935,rid_638
rid_935,rid_161
rid_935,rid_923
rid_935,rid_164
rid_935,rid_982
rid_818,rid_81
rid_818,rid_890
rid_818,rid_132
rid_818,rid_848
rid_818,rid_735
rid_818,rid_46
rid_818,rid_353
rid_818,rid_562
rid_818,rid_70
rid_605,rid_685
rid_605,rid_135
rid_605,rid_326
rid_605,rid_863
rid_605,rid_214
rid_605,rid_334
rid_605,rid_417
rid_605,rid_98
rid_605,rid_156
rid_605,rid_410
rid_605,rid_149
rid_605,rid_297
rid_605,rid_689
rid_605,rid_100
rid_605,rid_530
rid_605,rid_853
rid_995,rid_753
rid_995,rid_84
rid_995,rid_953
rid_995,rid_745
rid_995,rid_583
rid_995,rid_17
rid_842,rid_977
rid_842,rid_36
rid_842,rid_376
rid_842,rid_746
rid_842,rid_867
rid_842,rid_627
rid_842,rid_365
rid_842,rid_545
rid_842,rid_695
rid_120,rid_436
rid_120,rid_673
rid_120,rid_278
rid_120,rid_90
rid_120,rid_449
rid_753,rid_84
rid_753,rid_583
rid_868,rid_978
rid_868,rid_54
rid_868,rid_578
rid_868,rid_882
rid_426,rid_1000
rid_426,rid_254
rid_426,rid_100
rid_426,rid_779
rid_45,rid_347
rid_45,rid_991
rid_45,rid_49
rid_45,rid_773
rid_45,rid_717
rid_45,rid_888
rid_45,rid_420
rid_134,rid_243
rid_134,rid_253
rid_326,rid_134
rid_326,rid_628
rid_326,rid_795
rid_326,rid_544
rid_924,rid_400
rid_924,rid_211
rid_924,rid_192
rid_924,rid_769
rid_924,rid_867
rid_924,rid_698
rid_924,rid_576
rid_924,rid_39
rid_924,rid_846
rid_924,rid_975
rid_553,rid_376
rid_79,rid_482
rid_513,rid_998
rid_513,rid_391
rid_513,rid_909
rid_632,rid_28
rid_722,rid_578
rid_722,rid_856
rid_722,rid_35
rid_722,rid_319
rid_722,rid_687
rid_722,rid_287
rid_722,rid_947
rid_722,rid_750
rid_722,rid_309
rid_722,rid_124
rid_722,rid_104
rid_722,rid_702
rid_722,rid_422
rid_722,rid_340
rid_927,rid_622
rid_927,rid_434
rid_927,rid_211
rid_927,rid_626
rid_927,rid_518
rid_927,rid_375
rid_927,rid_424
rid_927,rid_526
rid_927,rid_832
rid_128,rid_592
rid_128,rid_966
rid_128,rid_292
rid_128,rid_419
rid_57,rid_295
rid_550,rid_979
rid_550,rid_595
rid_550,rid_155
rid_550,rid_981
rid_550,rid_420
rid_550,rid_546
rid_550,rid_465
rid_550,rid_921
rid_550,rid_292
rid_550,rid_714
rid_550,rid_728
rid_230,rid_804
rid_230,rid_799
rid_897,rid_27
rid_897,rid_1000
rid_897,rid_254
rid_897,rid_660
rid_897,rid_584
rid_897,rid_100
rid_897,rid_24
rid_897,rid_347
rid_897,rid_487
rid_897,rid_773
rid_897,rid_686
rid_897,rid_539
rid_897,rid_779
rid_721,rid_436
rid_721,rid_900
rid_721,rid_636
rid_721,rid_363
rid_721,rid_601
rid_400,rid_211
rid_400,rid_192
rid_400,rid_867
rid_400,rid_698
rid_400,rid_39
rid_400,rid_846
rid_400,rid_975
rid_460,rid_790
rid_460,rid_551
rid_103,rid_786
rid_103,rid_944
rid_103,rid_527
rid_103,rid_56
rid_103,rid_585
rid_103,rid_180
rid_103,rid_61
rid_103,rid_314
rid_103,rid_348
rid_103,rid_538
rid_103,rid_168
rid_977,rid_867
rid_977,rid_365
rid_977,rid_695
rid_448,rid_633
rid_448,rid_917
rid_448,rid_913
rid_448,rid_911
rid_448,rid_618
rid_96,rid_272
rid_96,rid_633
rid_96,rid_917
rid_96,rid_379
rid_96,rid_913
rid_96,rid_277
rid_96,rid_911
rid_96,rid_643
rid_96,rid_618
rid_299,rid_543
rid_664,rid_892
rid_664,rid_552
rid_664,rid_121
rid_664,rid_28
rid_664,rid_663
rid_664,rid_835
rid_664,rid_724
rid_664,rid_530
rid_664,rid_140
rid_431,rid_310
rid_431,rid_509
rid_659,rid_436
rid_659,rid_673
rid_659,rid_278
rid_659,rid_90
rid_659,rid_755
rid_659,rid_602
rid_659,rid_740
rid_659,rid_449
rid_122,rid_633
rid_122,rid_407
rid_122,rid_133
rid_122,rid_780
rid_122,rid_359
rid_122,rid_843
rid_122,rid_65
rid_122,rid_112
rid_122,rid_890
rid_122,rid_945
rid_568,rid_778
rid_568,rid_562
rid_568,rid_896
rid_568,rid_513
rid_568,rid_848
rid_201,rid_344
rid_201,rid_484
rid_201,rid_519
rid_201,rid_595
rid_201,rid_902
rid_201,rid_256
rid_201,rid_870
rid_201,rid_797
rid_201,rid_688
rid_979,rid_595
rid_979,rid_155
rid_979,rid_981
rid_979,rid_546
rid_979,rid_465
rid_979,rid_921
rid_979,rid_292
rid_979,rid_728
rid_419,rid_445
rid_419,rid_845
rid_419,rid_561
rid_419,rid_473
rid_419,rid_452
rid_419,rid_748
rid_419,rid_822
rid_419,rid_438
rid_419,rid_699
rid_419,rid_907
rid_419,rid_129
rid_419,rid_245
rid_419,rid_131
rid_47,rid_642
rid_47,rid_638
rid_763,rid_120
rid_193,rid_202
rid_193,rid_711
rid_193,rid_859
rid_193,rid_185
rid_193,rid_544
rid_193,rid_44
rid_193,rid_306
rid_193,rid_205
rid_193,rid_97
rid_193,rid_723
rid_722,rid_913
rid_722,rid_766
rid_722,rid_413
rid_722,rid_904
rid_722,rid_808
rid_978,rid_882
rid_226,rid_556
rid_226,rid_783
rid_226,rid_853
rid_226,rid_453
rid_226,rid_408
rid_226,rid_310
rid_226,rid_245
rid_226,rid_692
rid_226,rid_497
rid_487,rid_658
rid_487,rid_50
rid_487,rid_416
rid_487,rid_417
rid_487,rid_348
rid_487,rid_959
rid_487,rid_522
rid_487,rid_151
rid_487,rid_63
rid_487,rid_344
rid_487,rid_94
rid_84,rid_583
rid_918,rid_728
rid_918,rid_285
rid_918,rid_900
rid_918,rid_261
rid_918,rid_113
rid_918,rid_770
rid_27,rid_355
rid_27,rid_120
rid_27,rid_987
rid_27,rid_452
rid_27,rid_329
rid_27,rid_646
rid_27,rid_960
rid_27,rid_588
rid_27,rid_957
rid_27,rid_830
rid_27,rid_388
rid_245,rid_932
rid_245,rid_154
rid_245,rid_719
rid_245,rid_956
rid_245,rid_429
rid_245,rid_70
rid_245,rid_792
rid_245,rid_489
rid_255,rid_930
rid_255,rid_499
rid_255,rid_849
rid_445,rid_473
rid_445,rid_748
rid_445,rid_699
rid_445,rid_131
rid_917,rid_786
rid_917,rid_944
rid_917,rid_527
rid_917,rid_56
rid_917,rid_585
rid_917,rid_180
rid_917,rid_61
rid_917,rid_314
rid_917,rid_348
rid_917,rid_538
rid_917,rid_168
rid_993,rid_674
rid_993,rid_962
rid_993,rid_158
rid_993,rid_340
rid_993,rid_321
rid_993,rid_805
rid_27,rid_1000
rid_27,rid_254
rid_27,rid_100
rid_27,rid_686
rid_27,rid_539
rid_27,rid_779
rid_932,rid_154
rid_932,rid_956
rid_647,rid_134
rid_647,rid_345
rid_647,rid_628
rid_647,rid_22
rid_647,rid_795
rid_647,rid_544
rid_383,rid_371
rid_383,rid_299
rid_383,rid_135
rid_383,rid_228
rid_383,rid_860
rid_383,rid_193
rid_383,rid_844
rid_383,rid_563
rid_383,rid_773
rid_383,rid_762
rid_383,rid_792
rid_383,rid_984
rid_383,rid_316
rid_383,rid_458
rid_264,rid_981
rid_264,rid_889
rid_355,rid_120
rid_355,rid_987
rid_355,rid_452
rid_355,rid_646
rid_355,rid_960
rid_355,rid_588
rid_355,rid_830
rid_355,rid_388
rid_143,rid_845
rid_143,rid_561
rid_143,rid_473
rid_143,rid_452
rid_143,rid_748
rid_143,rid_822
rid_143,rid_438
rid_143,rid_699
rid_143,rid_907
rid_143,rid_129
rid_143,rid_245
rid_143,rid_131
rid_963,rid_845
rid_963,rid_561
rid_963,rid_473
rid_963,rid_452
rid_963,rid_748
rid_963,rid_822
rid_963,rid_438
rid_963,rid_699
rid_963,rid_907
rid_963,rid_129
rid_963,rid_245
rid_963,rid_131
rid_872,rid_202
rid_872,rid_711
rid_872,rid_859
rid_872,rid_185
rid_872,rid_544
rid_872,rid_44
rid_872,rid_931
rid_872,rid_306
rid_872,rid_205
rid_872,rid_97
rid_872,rid_723
rid_599,rid_132
rid_599,rid_784
rid_599,rid_755
rid_599,rid_586
rid_599,rid_978
rid_599,rid_599
rid_599,rid_140
rid_599,rid_962
rid_658,rid_50
rid_658,rid_416
rid_658,rid_417
rid_658,rid_348
rid_658,rid_959
rid_658,rid_522
rid_658,rid_151
rid_658,rid_63
rid_658,rid_344
rid_658,rid_94
rid_975,rid_417
rid_975,rid_288
rid_975,rid_231
rid_41,rid_960
rid_41,rid_765
rid_41,rid_802
rid_41,rid_124
rid_41,rid_138
rid_41,rid_470
rid_41,rid_473
rid_41,rid_607
rid_41,rid_872
rid_41,rid_314
rid_41,rid_435
rid_41,rid_100
rid_32,rid_655
rid_32,rid_354
rid_32,rid_469
rid_32,rid_587
rid_655,rid_622
rid_655,rid_434
rid_655,rid_391
rid_655,rid_7
rid_655,rid_211
rid_655,rid_424
rid_655,rid_626
rid_655,rid_518
rid_655,rid_435
rid_655,rid_375
rid_655,rid_424
rid_655,rid_526
rid_655,rid_832
rid_655,rid_712
rid_655,rid_114
rid_595,rid_155
rid_595,rid_465
rid_595,rid_921
rid_595,rid_292
rid_595,rid_728
rid_455,rid_453
rid_455,rid_342
rid_455,rid_953
rid_455,rid_309
rid_455,rid_914
rid_455,rid_408
rid_476,rid_800
rid_757,rid_991
rid_757,rid_985
rid_757,rid_637
rid_757,rid_238
rid_995,rid_212
rid_995,rid_24
rid_995,rid_4
rid_995,rid_730
rid_995,rid_577
rid_995,rid_468
rid_995,rid_348
rid_995,rid_456
rid_995,rid_483
rid_995,rid_659
rid_995,rid_497
rid_995,rid_14
rid_995,rid_341
rid_995,rid_484
rid_132,rid_978
rid_132,rid_599
rid_243,rid_253
rid_700,rid_394
rid_700,rid_760
rid_700,rid_128
rid_700,rid_908
rid_700,rid_692
rid_700,rid_461
rid_700,rid_700
rid_700,rid_944
rid_700,rid_658
rid_700,rid_820
rid_700,rid_117
rid_700,rid_708
rid_986,rid_576
rid_986,rid_355
rid_986,rid_86
rid_986,rid_234
rid_986,rid_74
rid_986,rid_325
rid_986,rid_576
rid_654,rid_452
rid_654,rid_991
rid_654,rid_985
rid_654,rid_147
rid_654,rid_637
rid_654,rid_238
rid_654,rid_847
rid_962,rid_357
rid_962,rid_458
rid_962,rid_924
rid_962,rid_375
rid_81,rid_890
rid_81,rid_132
rid_81,rid_848
rid_81,rid_735
rid_81,rid_46
rid_81,rid_353
rid_6,rid_705
rid_6,rid_901
rid_6,rid_257
rid_6,rid_22
rid_6,rid_91
rid_6,rid_11
rid_6,rid_652
rid_6,rid_864
rid_6,rid_981
rid_6,rid_889
rid_115,rid_310
rid_115,rid_509
rid_115,rid_936
rid_115,rid_157
rid_115,rid_693
rid_115,rid_227
rid_115,rid_289
rid_854,rid_390
rid_578,rid_856
rid_578,rid_687
rid_578,rid_287
rid_578,rid_750
rid_578,rid_309
rid_578,rid_702
rid_578,rid_422
rid_578,rid_340
rid_531,rid_133
rid_531,rid_359
rid_531,rid_460
rid_531,rid_814
rid_535,rid_804
rid_535,rid_336
rid_535,rid_706
rid_535,rid_913
rid_535,rid_799
rid_535,rid_618
rid_953,rid_503
rid_328,rid_72
rid_328,rid_853
rid_328,rid_970
rid_328,rid_828
rid_328,rid_698
rid_328,rid_999
rid_328,rid_316
rid_328,rid_501
rid_328,rid_475
rid_328,rid_14
rid_328,rid_115
rid_77,rid_52
rid_77,rid_659
rid_77,rid_574
rid_77,rid_970
rid_77,rid_586
rid_357,rid_924
rid_357,rid_375
rid_856,rid_750
rid_856,rid_309
rid_414,rid_933
rid_414,rid_508
rid_414,rid_744
rid_414,rid_398
rid_414,rid_399
rid_414,rid_423
rid_414,rid_648
rid_414,rid_531
rid_414,rid_764
rid_414,rid_102
rid_414,rid_988
rid_414,rid_81
rid_414,rid_963
rid_414,rid_181
rid_414,rid_826
rid_414,rid_546
rid_159,rid_52
rid_159,rid_659
rid_159,rid_828
rid_159,rid_574
rid_159,rid_970
rid_159,rid_839
rid_159,rid_586
rid_728,rid_388
rid_728,rid_316
rid_728,rid_417
rid_728,rid_952
rid_728,rid_288
rid_728,rid_775
rid_728,rid_853
rid_728,rid_231
rid_718,rid_817
rid_718,rid_296
rid_718,rid_536
rid_718,rid_949
rid_718,rid_5
rid_718,rid_308
rid_718,rid_951
rid_718,rid_533
rid_718,rid_404
rid_687,rid_383
rid_687,rid_21
rid_687,rid_727
rid_687,rid_347
rid_687,rid_817
rid_687,rid_361
rid_687,rid_709
rid_687,rid_392
rid_377,rid_271
rid_377,rid_588
rid_377,rid_402
rid_377,rid_345
rid_377,rid_890
rid_377,rid_335
rid_388,rid_417
rid_388,rid_288
rid_388,rid_775
rid_388,rid_231
rid_699,rid_436
rid_699,rid_498
rid_699,rid_741
rid_699,rid_493
rid_699,rid_864
rid_699,rid_703
rid_699,rid_900
rid_699,rid_636
rid_699,rid_363
rid_699,rid_601
rid_507,rid_316
rid_507,rid_417
rid_507,rid_952
rid_507,rid_288
rid_507,rid_775
rid_507,rid_853
rid_507,rid_231
rid_77,rid_806
rid_77,rid_790
rid_77,rid_988
rid_77,rid_41
rid_77,rid_551
rid_77,rid_188
rid_998,rid_490
rid_998,rid_575
rid_998,rid_384
rid_998,rid_567
rid_998,rid_599
rid_998,rid_569
rid_781,rid_857
rid_781,rid_24
rid_781,rid_902
rid_781,rid_790
rid_781,rid_527
rid_781,rid_525
rid_781,rid_477
rid_781,rid_692
rid_781,rid_779
rid_781,rid_377
rid_781,rid_895
rid_781,rid_110
rid_781,rid_954
rid_633,rid_407
rid_633,rid_359
rid_633,rid_945
rid_748,rid_839
rid_748,rid_902
rid_748,rid_368
rid_748,rid_685
rid_748,rid_745
rid_748,rid_853
rid_748,rid_321
rid_748,rid_996
rid_748,rid_812
rid_748,rid_465
rid_748,rid_969
rid_748,rid_400
rid_244,rid_230
rid_244,rid_400
rid_244,rid_1
rid_906,rid_899
rid_906,rid_419
rid_906,rid_820
rid_906,rid_440
rid_906,rid_425
rid_711,rid_503
rid_711,rid_902
rid_711,rid_356
rid_711,rid_40
rid_403,rid_352
rid_403,rid_191
rid_403,rid_416
rid_403,rid_141
rid_403,rid_965
rid_564,rid_806
rid_564,rid_790
rid_564,rid_988
rid_564,rid_41
rid_564,rid_551
rid_564,rid_188
rid_564,rid_185
rid_84,rid_338
rid_84,rid_930
rid_84,rid_499
rid_84,rid_967
rid_84,rid_849
rid_84,rid_232
rid_84,rid_88
rid_84,rid_683
rid_84,rid_18
rid_558,rid_134
rid_558,rid_345
rid_558,rid_628
rid_558,rid_22
rid_558,rid_795
rid_558,rid_544
rid_786,rid_944
rid_786,rid_56
rid_786,rid_585
rid_786,rid_180
rid_786,rid_314
rid_786,rid_348
rid_280,rid_995
rid_280,rid_520
rid_960,rid_872
rid_960,rid_314
rid_452,rid_991
rid_452,rid_985
rid_452,rid_147
rid_452,rid_637
rid_452,rid_238
rid_784,rid_755
rid_784,rid_978
rid_784,rid_599
rid_784,rid_140
rid_784,rid_962
rid_933,rid_508
rid_933,rid_744
rid_933,rid_398
rid_933,rid_399
rid_933,rid_423
rid_933,rid_648
rid_933,rid_531
rid_933,rid_764
rid_933,rid_102
rid_933,rid_988
rid_933,rid_81
rid_933,rid_963
rid_933,rid_181
rid_933,rid_826
rid_933,rid_546
rid_857,rid_24
rid_857,rid_525
rid_256,rid_36
rid_256,rid_376
rid_256,rid_343
rid_256,rid_746
rid_256,rid_588
rid_256,rid_342
rid_256,rid_867
rid_256,rid_627
rid_256,rid_365
rid_256,rid_545
rid_256,rid_695
rid_892,rid_552
rid_892,rid_28
rid_352,rid_191
rid_352,rid_416
rid_352,rid_141
rid_352,rid_965
rid_35,rid_687
rid_35,rid_287
rid_35,rid_947
rid_35,rid_750
rid_35,rid_309
rid_35,rid_702
rid_35,rid_422
rid_35,rid_340
rid_104,rid_379
rid_104,rid_776
rid_104,rid_148
rid_104,rid_174
rid_104,rid_835
rid_104,rid_655
rid_469,rid_209
rid_469,rid_643
rid_469,rid_991
rid_469,rid_666
rid_469,rid_985
rid_469,rid_147
rid_469,rid_637
rid_469,rid_238
rid_469,rid_847
rid_72,rid_853
rid_72,rid_970
rid_72,rid_828
rid_72,rid_698
rid_72,rid_999
rid_72,rid_316
rid_72,rid_501
rid_72,rid_14
rid_72,rid_115
rid_674,rid_962
rid_674,rid_158
rid_674,rid_340
rid_991,rid_717
rid_991,rid_888
rid_991,rid_420
rid_371,rid_299
rid_371,rid_135
rid_371,rid_228
rid_371,rid_860
rid_371,rid_193
rid_371,rid_844
rid_371,rid_563
rid_371,rid_773
rid_371,rid_762
rid_371,rid_792
rid_371,rid_984
rid_371,rid_316
rid_335,rid_59
rid_335,rid_500
rid_335,rid_719
rid_335,rid_289
rid_335,rid_635
rid_335,rid_684
rid_335,rid_429
rid_705,rid_257
rid_705,rid_22
rid_705,rid_91
rid_705,rid_11
rid_705,rid_981
rid_705,rid_889
rid_6,rid_913
rid_6,rid_766
rid_6,rid_413
rid_6,rid_904
rid_6,rid_808
rid_6,rid_878
rid_179,rid_474
rid_219,rid_32
rid_219,rid_200
rid_219,rid_737
rid_219,rid_401
rid_219,rid_976
rid_219,rid_180
rid_219,rid_372
rid_219,rid_390
rid_219,rid_970
rid_219,rid_366
rid_184,rid_419
rid_184,rid_992
rid_184,rid_641
rid_184,rid_723
rid_184,rid_962
rid_184,rid_830
rid_184,rid_32
rid_184,rid_183
rid_482,rid_157
rid_482,rid_998
rid_482,rid_391
rid_482,rid_857
rid_482,rid_909
rid_728,rid_964
rid_728,rid_526
rid_728,rid_387
rid_728,rid_642
rid_728,rid_638
rid_728,rid_161
rid_728,rid_923
rid_728,rid_164
rid_728,rid_982
rid_891,rid_486
rid_891,rid_482
rid_891,rid_183
rid_891,rid_793
rid_453,rid_342
rid_453,rid_953
rid_453,rid_309
rid_453,rid_914
rid_453,rid_408
rid_92,rid_342
rid_92,rid_953
rid_92,rid_309
rid_92,rid_914
rid_92,rid_408
rid_580,rid_309
rid_580,rid_212
rid_580,rid_24
rid_580,rid_4
rid_580,rid_730
rid_580,rid_577
rid_580,rid_468
rid_580,rid_348
rid_580,rid_456
rid_580,rid_483
rid_580,rid_659
rid_580,rid_497
rid_580,rid_14
rid_580,rid_341
rid_580,rid_484
rid_899,rid_419
rid_899,rid_820
rid_899,rid_440
rid_685,rid_863
rid_685,rid_214
rid_685,rid_334
rid_685,rid_156
rid_685,rid_410
rid_685,rid_149
rid_685,rid_530
rid_685,rid_853
rid_806,rid_790
rid_806,rid_41
rid_806,rid_551
rid_657,rid_359
rid_657,rid_762
rid_657,rid_17
rid_657,rid_927
rid_657,rid_988
rid_817,rid_296
rid_817,rid_536
rid_817,rid_5
rid_817,rid_533
rid_845,rid_561
rid_845,rid_473
rid_845,rid_452
rid_845,rid_748
rid_845,rid_822
rid_845,rid_438
rid_845,rid_699
rid_845,rid_907
rid_845,rid_129
rid_845,rid_245
rid_845,rid_131
rid_413,rid_105
rid_413,rid_193
rid_413,rid_278
rid_413,rid_5
rid_413,rid_801
rid_413,rid_289
rid_413,rid_772
rid_338,rid_930
rid_338,rid_499
rid_338,rid_967
rid_338,rid_849
rid_338,rid_232
rid_338,rid_88
rid_338,rid_683
rid_338,rid_18
rid_309,rid_212
rid_309,rid_24
rid_309,rid_4
rid_309,rid_730
rid_309,rid_577
rid_309,rid_468
rid_309,rid_348
rid_309,rid_456
rid_309,rid_483
rid_309,rid_659
rid_309,rid_497
rid_309,rid_14
rid_309,rid_341
rid_309,rid_484
rid_937,rid_790
rid_937,rid_988
rid_937,rid_41
rid_937,rid_551
rid_937,rid_188
rid_937,rid_185
rid_179,rid_207
rid_179,rid_100
rid_179,rid_732
rid_179,rid_256
rid_913,rid_413
rid_913,rid_904
rid_913,rid_808
rid_902,rid_790
rid_902,rid_527
rid_902,rid_525
rid_902,rid_477
rid_902,rid_692
rid_902,rid_779
rid_902,rid_377
rid_902,rid_895
rid_902,rid_110
rid_902,rid_954
rid_221,rid_378
rid_221,rid_408
rid_221,rid_65
rid_221,rid_139
rid_221,rid_207
rid_221,rid_34
rid_221,rid_170
rid_221,rid_333
rid_221,rid_394
rid_221,rid_298
rid_221,rid_861
rid_212,rid_261
rid_212,rid_407
rid_212,rid_562
rid_212,rid_372
rid_212,rid_141
rid_212,rid_735
rid_212,rid_154
rid_983,rid_66
rid_983,rid_230
rid_983,rid_400
rid_983,rid_106
rid_983,rid_1
rid_983,rid_726
rid_847,rid_436
rid_847,rid_673
rid_847,rid_278
rid_847,rid_90
rid_847,rid_755
rid_847,rid_602
rid_847,rid_740
rid_847,rid_449
rid_211,rid_192
rid_211,rid_867
rid_211,rid_698
rid_211,rid_39
rid_211,rid_846
rid_211,rid_975
rid_59,rid_500
rid_59,rid_719
rid_59,rid_289
rid_59,rid_635
rid_59,rid_684
rid_162,rid_155
rid_162,rid_981
rid_162,rid_420
rid_162,rid_546
rid_162,rid_356
rid_162,rid_465
rid_162,rid_921
rid_162,rid_292
rid_162,rid_714
rid_162,rid_728
rid_804,rid_799
rid_535,rid_917
rid_535,rid_898
rid_535,rid_101
rid_778,rid_562
rid_778,rid_896
rid_778,rid_513
rid_778,rid_848
rid_342,rid_271
rid_342,rid_588
rid_342,rid_402
rid_342,rid_927
rid_342,rid_379
rid_342,rid_345
rid_342,rid_890
rid_342,rid_335
rid_301,rid_824
rid_301,rid_917
rid_301,rid_134
rid_301,rid_512
rid_301,rid_581
rid_301,rid_230
rid_301,rid_973
rid_301,rid_836
rid_301,rid_751
rid_301,rid_755
rid_301,rid_822
rid_301,rid_192
rid_301,rid_158
rid_419,rid_641
rid_419,rid_962
rid_629,rid_473
rid_629,rid_361
rid_629,rid_673
rid_629,rid_84
rid_629,rid_587
rid_629,rid_799
rid_629,rid_510
rid_629,rid_645
rid_299,rid_135
rid_299,rid_193
rid_299,rid_844
rid_299,rid_563
rid_299,rid_773
rid_299,rid_762
rid_299,rid_984
rid_299,rid_316
rid_319,rid_687
rid_319,rid_287
rid_319,rid_947
rid_319,rid_750
rid_319,rid_309
rid_319,rid_124
rid_319,rid_104
rid_319,rid_702
rid_319,rid_422
rid_319,rid_340
rid_135,rid_863
rid_135,rid_214
rid_135,rid_334
rid_135,rid_417
rid_135,rid_156
rid_135,rid_410
rid_135,rid_149
rid_135,rid_689
rid_135,rid_100
rid_135,rid_530
rid_135,rid_853
rid_994,rid_814
rid_994,rid_800
rid_994,rid_213
rid_994,rid_836
rid_994,rid_376
rid_994,rid_120
rid_994,rid_914
rid_994,rid_295
rid_994,rid_667
rid_994,rid_871
rid_994,rid_414
rid_994,rid_127
rid_52,rid_561
rid_52,rid_473
rid_52,rid_452
rid_52,rid_748
rid_52,rid_822
rid_52,rid_438
rid_52,rid_699
rid_52,rid_907
rid_52,rid_129
rid_52,rid_245
rid_52,rid_131
rid_288,rid_956
rid_288,rid_828
rid_288,rid_17
rid_288,rid_840
rid_622,rid_626
rid_622,rid_375
rid_622,rid_424
rid_622,rid_832
rid_561,rid_473
rid_561,rid_748
rid_561,rid_822
rid_561,rid_438
rid_561,rid_699
rid_561,rid_129
rid_561,rid_245
rid_561,rid_131
rid_854,rid_359
rid_854,rid_762
rid_854,rid_17
rid_854,rid_34
rid_854,rid_927
rid_854,rid_988
rid_854,rid_237
rid_960,rid_879
rid_960,rid_914
rid_960,rid_376
rid_960,rid_344
rid_960,rid_973
rid_235,rid_771
rid_235,rid_993
rid_235,rid_97
rid_235,rid_498
rid_235,rid_736
rid_235,rid_738
rid_235,rid_661
rid_846,rid_152
rid_846,rid_917
rid_846,rid_898
rid_846,rid_101
rid_311,rid_283
rid_311,rid_278
rid_311,rid_356
rid_311,rid_120
rid_311,rid_709
rid_311,rid_651
rid_514,rid_369
rid_514,rid_517
rid_514,rid_932
rid_514,rid_816
rid_514,rid_680
rid_514,rid_212
rid_514,rid_915
rid_514,rid_472
rid_514,rid_438
rid_646,rid_627
rid_646,rid_843
rid_646,rid_366
rid_646,rid_66
rid_646,rid_940
rid_646,rid_652
rid_646,rid_253
rid_646,rid_725
rid_646,rid_943
rid_646,rid_292
rid_49,rid_773
rid_49,rid_717
rid_49,rid_888
rid_49,rid_420
rid_562,rid_896
rid_562,rid_513
rid_562,rid_848
rid_192,rid_698
rid_192,rid_846
rid_326,rid_863
rid_326,rid_214
rid_326,rid_334
rid_326,rid_417
rid_326,rid_98
rid_326,rid_156
rid_326,rid_410
rid_326,rid_149
rid_326,rid_297
rid_326,rid_689
rid_326,rid_100
rid_326,rid_530
rid_326,rid_853
rid_556,rid_783
rid_556,rid_853
rid_556,rid_453
rid_556,rid_408
rid_556,rid_310
rid_556,rid_245
rid_556,rid_692
rid_556,rid_497
rid_486,rid_482
rid_769,rid_867
rid_769,rid_698
rid_769,rid_39
rid_769,rid_846
rid_769,rid_975
rid_345,rid_628
rid_345,rid_795
rid_345,rid_544
rid_556,rid_503
rid_556,rid_902
rid_556,rid_356
rid_556,rid_40
rid_32,rid_737
rid_32,rid_401
rid_32,rid_976
rid_32,rid_180
rid_32,rid_372
rid_32,rid_390
rid_32,rid_970
rid_32,rid_366
rid_867,rid_698
rid_867,rid_39
rid_867,rid_846
rid_261,rid_407
rid_261,rid_735
rid_261,rid_154
rid_975,rid_407
rid_975,rid_133
rid_975,rid_780
rid_975,rid_359
rid_975,rid_843
rid_975,rid_65
rid_975,rid_112
rid_975,rid_890
rid_975,rid_988
rid_975,rid_945
rid_775,rid_250
rid_775,rid_567
rid_1000,rid_254
rid_333,rid_929
rid_333,rid_78
rid_333,rid_679
rid_333,rid_101
rid_333,rid_518
rid_327,rid_336
rid_327,rid_706
rid_327,rid_328
rid_327,rid_913
rid_327,rid_799
rid_327,rid_618
rid_166,rid_527
rid_166,rid_270
rid_166,rid_544
rid_394,rid_760
rid_394,rid_128
rid_394,rid_908
rid_394,rid_700
rid_333,rid_474
rid_814,rid_800
rid_814,rid_836
rid_814,rid_376
rid_814,rid_120
rid_814,rid_914
rid_814,rid_295
rid_814,rid_667
rid_814,rid_871
rid_814,rid_414
rid_814,rid_127
rid_627,rid_366
rid_342,rid_309
rid_342,rid_408
rid_220,rid_359
rid_220,rid_762
rid_220,rid_17
rid_220,rid_681
rid_220,rid_34
rid_220,rid_927
rid_220,rid_988
rid_220,rid_237
rid_473,rid_361
rid_473,rid_673
rid_473,rid_84
rid_473,rid_587
rid_473,rid_799
rid_473,rid_510
rid_473,rid_645
rid_891,rid_50
rid_891,rid_416
rid_891,rid_417
rid_891,rid_348
rid_891,rid_297
rid_891,rid_439
rid_891,rid_959
rid_891,rid_522
rid_891,rid_151
rid_891,rid_63
rid_891,rid_344
rid_891,rid_948
rid_891,rid_94
rid_212,rid_4
rid_212,rid_730
rid_212,rid_577
rid_212,rid_468
rid_212,rid_456
rid_212,rid_483
rid_212,rid_659
rid_212,rid_497
rid_212,rid_14
rid_212,rid_341
rid_191,rid_416
rid_191,rid_141
rid_191,rid_965
rid_260,rid_292
rid_260,rid_974
rid_260,rid_951
rid_260,rid_246
rid_260,rid_627
rid_260,rid_11
rid_281,rid_563
rid_281,rid_618
rid_281,rid_578
rid_281,rid_698
rid_281,rid_576
rid_281,rid_105
rid_281,rid_207
rid_281,rid_188
rid_281,rid_39
rid_281,rid_846
rid_281,rid_337
rid_281,rid_975
rid_281,rid_240
rid_336,rid_799
rid_581,rid_379
rid_581,rid_167
rid_581,rid_776
rid_581,rid_148
rid_581,rid_824
rid_581,rid_77
rid_581,rid_174
rid_581,rid_835
rid_581,rid_655
rid_407,rid_735
rid_407,rid_154
rid_827,rid_956
rid_827,rid_527
rid_827,rid_270
rid_827,rid_839
rid_827,rid_614
rid_827,rid_733
rid_827,rid_544
rid_827,rid_646
rid_209,rid_643
rid_209,rid_991
rid_209,rid_666
rid_209,rid_985
rid_209,rid_147
rid_209,rid_637
rid_209,rid_238
rid_209,rid_847
rid_576,rid_325
rid_576,rid_576
rid_499,rid_157
rid_499,rid_998
rid_499,rid_391
rid_499,rid_857
rid_499,rid_909
rid_839,rid_902
rid_839,rid_368
rid_839,rid_685
rid_839,rid_745
rid_839,rid_853
rid_839,rid_996
rid_839,rid_812
rid_839,rid_465
rid_839,rid_969
rid_839,rid_400
rid_966,rid_292
rid_465,rid_378
rid_465,rid_771
rid_465,rid_993
rid_465,rid_97
rid_465,rid_498
rid_465,rid_736
rid_465,rid_801
rid_465,rid_738
rid_465,rid_819
rid_465,rid_661
rid_465,rid_562
rid_862,rid_221
rid_862,rid_896
rid_862,rid_513
rid_862,rid_848
rid_152,rid_917
rid_152,rid_898
rid_152,rid_101
rid_24,rid_4
rid_24,rid_730
rid_24,rid_577
rid_24,rid_468
rid_24,rid_456
rid_24,rid_483
rid_24,rid_659
rid_24,rid_497
rid_24,rid_14
rid_24,rid_341
rid_890,rid_848
rid_890,rid_735
rid_890,rid_46
rid_890,rid_353
rid_157,rid_998
rid_157,rid_391
rid_157,rid_909
rid_765,rid_138
rid_765,rid_872
rid_765,rid_314
rid_765,rid_100
rid_490,rid_569
rid_271,rid_402
rid_271,rid_890
rid_369,rid_517
rid_369,rid_932
rid_369,rid_680
rid_369,rid_212
rid_369,rid_915
rid_369,rid_472
rid_369,rid_438
rid_422,rid_306
rid_422,rid_918
rid_422,rid_709
rid_422,rid_332
rid_422,rid_437
rid_422,rid_100
rid_484,rid_519
rid_484,rid_595
rid_484,rid_902
rid_484,rid_256
rid_484,rid_870
rid_484,rid_797
rid_484,rid_688
rid_379,rid_776
rid_379,rid_148
rid_379,rid_174
rid_379,rid_835
rid_379,rid_655
rid_306,rid_918
rid_306,rid_437
rid_306,rid_100
rid_470,rid_30
rid_470,rid_148
rid_470,rid_127
rid_470,rid_200
rid_470,rid_646
rid_470,rid_983
rid_470,rid_578
rid_470,rid_528
rid_470,rid_453
rid_470,rid_885
rid_470,rid_889
rid_470,rid_543
rid_470,rid_160
rid_470,rid_547
rid_470,rid_733
rid_790,rid_527
rid_790,rid_525
rid_790,rid_477
rid_790,rid_692
rid_790,rid_779
rid_790,rid_377
rid_790,rid_895
rid_790,rid_110
rid_790,rid_954
rid_396,rid_429
rid_396,rid_308
rid_396,rid_800
rid_396,rid_899
rid_396,rid_635
rid_396,rid_335
rid_396,rid_172
rid_396,rid_19
rid_396,rid_737
rid_396,rid_533
rid_783,rid_245
rid_687,rid_750
rid_687,rid_309
rid_527,rid_56
rid_527,rid_585
rid_527,rid_180
rid_527,rid_61
rid_527,rid_314
rid_527,rid_348
rid_527,rid_538
rid_527,rid_168
rid_30,rid_148
rid_30,rid_646
rid_30,rid_983
rid_30,rid_528
rid_30,rid_453
rid_30,rid_543
rid_30,rid_160
rid_30,rid_547
rid_686,rid_918
rid_686,rid_288
rid_686,rid_356
rid_686,rid_202
rid_686,rid_549
rid_686,rid_448
rid_686,rid_45
rid_565,rid_615
rid_565,rid_458
rid_565,rid_21
rid_565,rid_225
rid_565,rid_924
rid_565,rid_162
rid_565,rid_375
rid_142,rid_52
rid_142,rid_659
rid_142,rid_828
rid_142,rid_233
rid_142,rid_574
rid_142,rid_934
rid_142,rid_970
rid_142,rid_839
rid_142,rid_586
rid_142,rid_714
rid_563,rid_618
rid_563,rid_578
rid_563,rid_698
rid_563,rid_576
rid_563,rid_207
rid_563,rid_188
rid_563,rid_39
rid_563,rid_846
rid_563,rid_337
rid_563,rid_975
rid_563,rid_240
rid_824,rid_917
rid_824,rid_512
rid_824,rid_581
rid_824,rid_973
rid_824,rid_836
rid_824,rid_751
rid_824,rid_755
rid_824,rid_822
rid_824,rid_192
rid_824,rid_158
rid_296,rid_536
rid_473,rid_699
rid_4,rid_730
rid_4,rid_577
rid_4,rid_341
rid_120,rid_987
rid_120,rid_452
rid_120,rid_960
rid_120,rid_588
rid_730,rid_577
rid_730,rid_341
rid_452,rid_748
rid_452,rid_822
rid_452,rid_438
rid_452,rid_699
rid_452,rid_907
rid_452,rid_129
rid_452,rid_245
rid_452,rid_131
rid_802,rid_124
rid_802,rid_138
rid_802,rid_470
rid_802,rid_473
rid_802,rid_872
rid_802,rid_314
rid_802,rid_435
rid_802,rid_100
rid_434,rid_626
rid_434,rid_375
rid_434,rid_424
rid_434,rid_832
rid_368,rid_207
rid_731,rid_749
rid_731,rid_720
rid_731,rid_494
rid_731,rid_742
rid_292,rid_974
rid_292,rid_951
rid_292,rid_627
rid_292,rid_11
rid_618,rid_578
rid_618,rid_698
rid_618,rid_576
rid_618,rid_188
rid_618,rid_39
rid_618,rid_846
rid_618,rid_337
rid_618,rid_975
rid_578,rid_698
rid_578,rid_576
rid_578,rid_188
rid_578,rid_39
rid_578,rid_846
rid_578,rid_975
rid_146,rid_968
rid_146,rid_787
rid_146,rid_810
rid_146,rid_293
rid_213,rid_836
rid_213,rid_376
rid_213,rid_120
rid_213,rid_914
rid_213,rid_295
rid_213,rid_667
rid_213,rid_871
rid_213,rid_414
rid_213,rid_127
rid_148,rid_646
rid_148,rid_453
rid_148,rid_543
rid_148,rid_160
rid_928,rid_54
rid_928,rid_578
rid_928,rid_882
rid_928,rid_337
rid_928,rid_890
rid_853,rid_310
rid_853,rid_245
rid_853,rid_497
rid_71,rid_766
rid_71,rid_945
rid_71,rid_413
rid_71,rid_904
rid_71,rid_808
rid_71,rid_878
rid_863,rid_214
rid_863,rid_334
rid_863,rid_410
rid_863,rid_149
rid_361,rid_673
rid_361,rid_799
rid_361,rid_645
rid_853,rid_970
rid_508,rid_744
rid_508,rid_398
rid_508,rid_399
rid_508,rid_423
rid_508,rid_648
rid_508,rid_531
rid_508,rid_988
rid_508,rid_81
rid_508,rid_963
rid_508,rid_826
rid_508,rid_546
rid_272,rid_480
rid_272,rid_11
rid_272,rid_161
rid_272,rid_959
rid_272,rid_861
rid_36,rid_376
rid_36,rid_746
rid_36,rid_867
rid_36,rid_627
rid_36,rid_365
rid_36,rid_545
rid_36,rid_695
rid_653,rid_464
rid_653,rid_290
rid_653,rid_795
rid_653,rid_186
rid_653,rid_789
rid_836,rid_885
rid_836,rid_27
rid_836,rid_29
rid_836,rid_120
rid_836,rid_871
rid_836,rid_127
rid_287,rid_750
rid_287,rid_309
rid_287,rid_702
rid_287,rid_422
rid_287,rid_340
rid_464,rid_789
rid_323,rid_354
rid_323,rid_469
rid_323,rid_587
rid_323,rid_645
rid_323,rid_643
rid_127,rid_646
rid_127,rid_983
rid_127,rid_528
rid_127,rid_453
rid_127,rid_885
rid_127,rid_543
rid_127,rid_160
rid_127,rid_547
rid_673,rid_799
rid_673,rid_645
rid_14,rid_132
rid_14,rid_848
rid_14,rid_120
rid_14,rid_675
rid_14,rid_735
rid_14,rid_46
rid_14,rid_353
rid_14,rid_562
rid_14,rid_70
rid_52,rid_586
rid_200,rid_646
rid_200,rid_983
rid_200,rid_578
rid_200,rid_528
rid_200,rid_453
rid_200,rid_885
rid_200,rid_543
rid_200,rid_160
rid_200,rid_547
rid_200,rid_733
rid_200,rid_737
rid_200,rid_401
rid_200,rid_976
rid_200,rid_180
rid_200,rid_372
rid_200,rid_390
rid_200,rid_970
rid_200,rid_366
rid_552,rid_28
rid_354,rid_469
rid_354,rid_587
rid_499,rid_773
rid_499,rid_717
rid_499,rid_888
rid_499,rid_420
rid_517,rid_212
rid_986,rid_221
rid_986,rid_311
rid_986,rid_410
rid_986,rid_187
rid_986,rid_407
rid_127,rid_964
rid_127,rid_526
rid_127,rid_387
rid_127,rid_642
rid_127,rid_638
rid_127,rid_161
rid_127,rid_923
rid_127,rid_164
rid_127,rid_982
rid_429,rid_335
rid_979,rid_898
rid_979,rid_101
rid_956,rid_17
rid_956,rid_840
rid_147,rid_909
rid_147,rid_941
rid_659,rid_574
rid_659,rid_586
rid_760,rid_128
rid_760,rid_908
rid_77,rid_391
rid_77,rid_7
rid_77,rid_211
rid_77,rid_424
rid_77,rid_626
rid_77,rid_518
rid_77,rid_435
rid_77,rid_375
rid_77,rid_424
rid_77,rid_526
rid_77,rid_832
rid_77,rid_712
rid_77,rid_114
rid_294,rid_416
rid_294,rid_378
rid_294,rid_97
rid_294,rid_141
rid_294,rid_314
rid_294,rid_10
rid_294,rid_909
rid_294,rid_699
rid_294,rid_965
rid_294,rid_667
rid_628,rid_544
rid_589,rid_66
rid_589,rid_230
rid_589,rid_490
rid_589,rid_400
rid_589,rid_106
rid_589,rid_1
rid_589,rid_726
rid_416,rid_141
rid_416,rid_965
rid_391,rid_211
rid_391,rid_626
rid_391,rid_518
rid_391,rid_375
rid_391,rid_424
rid_391,rid_526
rid_391,rid_832
rid_391,rid_712
rid_837,rid_968
rid_837,rid_787
rid_837,rid_810
rid_837,rid_293
rid_894,rid_540
rid_894,rid_474
rid_894,rid_558
rid_917,rid_512
rid_917,rid_581
rid_917,rid_973
rid_917,rid_836
rid_917,rid_751
rid_917,rid_755
rid_917,rid_822
rid_917,rid_192
rid_917,rid_158
rid_453,rid_310
rid_453,rid_245
rid_453,rid_692
rid_453,rid_497
rid_577,rid_341
rid_7,rid_211
rid_7,rid_424
rid_7,rid_626
rid_7,rid_518
rid_7,rid_435
rid_7,rid_375
rid_7,rid_424
rid_7,rid_526
rid_7,rid_832
rid_7,rid_712
rid_7,rid_114
rid_588,rid_402
rid_588,rid_345
rid_588,rid_890
rid_588,rid_335
rid_82,rid_900
rid_82,rid_628
rid_82,rid_683
rid_82,rid_238
rid_376,rid_746
rid_376,rid_867
rid_376,rid_627
rid_376,rid_365
rid_376,rid_545
rid_376,rid_695
rid_290,rid_789
rid_675,rid_316
rid_675,rid_417
rid_675,rid_952
rid_675,rid_288
rid_675,rid_775
rid_675,rid_853
rid_675,rid_246
rid_675,rid_231
rid_675,rid_220
rid_675,rid_366
rid_615,rid_458
rid_615,rid_21
rid_615,rid_225
rid_615,rid_924
rid_615,rid_375
rid_323,rid_947
rid_323,rid_750
rid_323,rid_309
rid_323,rid_124
rid_323,rid_104
rid_323,rid_702
rid_323,rid_422
rid_323,rid_340
rid_407,rid_359
rid_407,rid_945
rid_65,rid_540
rid_65,rid_474
rid_65,rid_498
rid_65,rid_558
rid_738,rid_400
rid_738,rid_905
rid_738,rid_135
rid_738,rid_328
rid_738,rid_573
rid_738,rid_845
rid_738,rid_50
rid_738,rid_486
rid_738,rid_332
rid_738,rid_158
rid_738,rid_219
rid_343,rid_746
rid_343,rid_588
rid_343,rid_342
rid_343,rid_867
rid_343,rid_627
rid_343,rid_365
rid_343,rid_545
rid_343,rid_695
rid_719,rid_956
rid_719,rid_429
rid_719,rid_489
rid_416,rid_348
rid_416,rid_959
rid_416,rid_522
rid_416,rid_151
rid_416,rid_63
rid_416,rid_344
rid_416,rid_94
rid_66,rid_230
rid_66,rid_400
rid_66,rid_106
rid_66,rid_1
rid_744,rid_398
rid_744,rid_399
rid_744,rid_423
rid_744,rid_648
rid_744,rid_531
rid_744,rid_81
rid_744,rid_963
rid_744,rid_826
rid_744,rid_546
rid_308,rid_800
rid_308,rid_899
rid_308,rid_635
rid_308,rid_335
rid_308,rid_172
rid_308,rid_19
rid_308,rid_737
rid_308,rid_533
rid_949,rid_5
rid_210,rid_716
rid_210,rid_929
rid_210,rid_174
rid_210,rid_255
rid_210,rid_338
rid_210,rid_930
rid_210,rid_499
rid_210,rid_967
rid_210,rid_849
rid_210,rid_232
rid_210,rid_88
rid_210,rid_683
rid_210,rid_18
rid_728,rid_36
rid_728,rid_465
rid_728,rid_517
rid_728,rid_932
rid_728,rid_212
rid_728,rid_915
rid_728,rid_438
rid_801,rid_995
rid_801,rid_817
rid_801,rid_77
rid_801,rid_159
rid_801,rid_52
rid_801,rid_659
rid_801,rid_828
rid_801,rid_233
rid_801,rid_574
rid_801,rid_934
rid_801,rid_970
rid_801,rid_839
rid_801,rid_586
rid_801,rid_714
rid_409,rid_193
rid_409,rid_202
rid_409,rid_711
rid_409,rid_859
rid_409,rid_185
rid_409,rid_544
rid_409,rid_44
rid_409,rid_306
rid_409,rid_205
rid_409,rid_97
rid_409,rid_723
rid_541,rid_761
rid_541,rid_632
rid_541,rid_892
rid_541,rid_552
rid_541,rid_28
rid_541,rid_663
rid_297,rid_306
rid_297,rid_671
rid_297,rid_104
rid_297,rid_379
rid_297,rid_776
rid_297,rid_148
rid_297,rid_77
rid_297,rid_174
rid_297,rid_835
rid_297,rid_655
rid_572,rid_615
rid_572,rid_460
rid_572,rid_806
rid_572,rid_790
rid_572,rid_41
rid_572,rid_551
rid_572,rid_188
rid_700,rid_20
rid_700,rid_368
rid_700,rid_853
rid_700,rid_996
rid_61,rid_916
rid_61,rid_968
rid_61,rid_787
rid_61,rid_810
rid_61,rid_293
rid_278,rid_460
rid_278,rid_225
rid_278,rid_480
rid_278,rid_861
rid_801,rid_721
rid_801,rid_179
rid_801,rid_333
rid_801,rid_426
rid_801,rid_160
rid_801,rid_184
rid_801,rid_474
rid_868,rid_783
rid_868,rid_118
rid_868,rid_906
rid_868,rid_899
rid_868,rid_419
rid_868,rid_333
rid_868,rid_820
rid_868,rid_440
rid_868,rid_425
rid_868,rid_630
rid_868,rid_449
rid_589,rid_128
rid_589,rid_592
rid_589,rid_966
rid_589,rid_292
rid_589,rid_419
rid_377,rid_483
rid_377,rid_896
rid_377,rid_513
rid_136,rid_335
rid_820,rid_566
rid_820,rid_535
rid_820,rid_152
rid_820,rid_917
rid_820,rid_898
rid_820,rid_101
rid_794,rid_283
rid_794,rid_403
rid_794,rid_352
rid_794,rid_191
rid_794,rid_416
rid_794,rid_378
rid_794,rid_97
rid_794,rid_141
rid_794,rid_314
rid_794,rid_10
rid_794,rid_909
rid_794,rid_965
rid_794,rid_667
rid_145,rid_766
rid_145,rid_945
rid_916,rid_968
rid_916,rid_787
rid_916,rid_293
rid_78,rid_641
rid_78,rid_431
rid_78,rid_89
rid_78,rid_531
rid_78,rid_514
rid_78,rid_133
rid_78,rid_359
rid_78,rid_460
rid_78,rid_814
rid_860,rid_343
rid_860,rid_45
rid_860,rid_347
rid_860,rid_991
rid_860,rid_49
rid_860,rid_499
rid_860,rid_773
rid_860,rid_717
rid_860,rid_888
rid_860,rid_420
rid_731,rid_74
rid_731,rid_512
rid_731,rid_261
rid_731,rid_407
rid_731,rid_562
rid_731,rid_141
rid_731,rid_735
rid_731,rid_154
rid_926,rid_250
rid_926,rid_567
rid_287,rid_603
rid_287,rid_763
rid_287,rid_311
rid_287,rid_283
rid_287,rid_750
rid_287,rid_278
rid_287,rid_356
rid_287,rid_120
rid_287,rid_709
rid_287,rid_651
rid_287,rid_825
rid_52,rid_513
rid_52,rid_346
rid_52,rid_995
rid_52,rid_753
rid_52,rid_84
rid_52,rid_953
rid_52,rid_745
rid_52,rid_583
rid_52,rid_17
rid_52,rid_870
rid_187,rid_979
rid_187,rid_831
rid_187,rid_264
rid_187,rid_705
rid_187,rid_257
rid_187,rid_22
rid_187,rid_91
rid_187,rid_11
rid_187,rid_981
rid_187,rid_889
rid_978,rid_293
rid_978,rid_244
rid_978,rid_983
rid_978,rid_589
rid_978,rid_66
rid_978,rid_230
rid_978,rid_490
rid_978,rid_400
rid_978,rid_106
rid_978,rid_1
rid_978,rid_726
rid_110,rid_643
rid_110,rid_929
rid_110,rid_679
rid_110,rid_518
rid_199,rid_584
rid_199,rid_355
rid_199,rid_120
rid_199,rid_987
rid_199,rid_452
rid_199,rid_329
rid_199,rid_646
rid_199,rid_960
rid_199,rid_588
rid_199,rid_957
rid_199,rid_830
rid_199,rid_388
rid_788,rid_112
rid_788,rid_886
rid_788,rid_455
rid_788,rid_453
rid_788,rid_92
rid_788,rid_342
rid_788,rid_953
rid_788,rid_309
rid_788,rid_914
rid_788,rid_408
rid_550,rid_230
rid_550,rid_804
rid_550,rid_336
rid_550,rid_799
rid_550,rid_618
rid_761,rid_632
rid_761,rid_892
rid_761,rid_552
rid_761,rid_28
rid_761,rid_663
rid_876,rid_389
rid_876,rid_544
rid_876,rid_765
rid_876,rid_858
rid_876,rid_900
rid_876,rid_628
rid_876,rid_683
rid_876,rid_238
rid_288,rid_105
rid_288,rid_193
rid_288,rid_278
rid_602,rid_40
rid_602,rid_257
rid_602,rid_320
rid_602,rid_299
rid_602,rid_30
rid_602,rid_148
rid_602,rid_127
rid_602,rid_200
rid_602,rid_646
rid_602,rid_983
rid_602,rid_578
rid_602,rid_528
rid_602,rid_453
rid_602,rid_885
rid_602,rid_889
rid_602,rid_543
rid_602,rid_160
rid_602,rid_547
rid_602,rid_733
rid_503,rid_515
rid_503,rid_960
rid_503,rid_765
rid_503,rid_138
rid_503,rid_470
rid_503,rid_872
rid_503,rid_314
rid_503,rid_100
rid_933,rid_979
rid_933,rid_831
rid_933,rid_264
rid_933,rid_705
rid_933,rid_257
rid_933,rid_22
rid_933,rid_91
rid_933,rid_11
rid_933,rid_652
rid_933,rid_864
rid_933,rid_981
rid_933,rid_889
rid_814,rid_792
rid_814,rid_151
rid_814,rid_753
rid_814,rid_230
rid_814,rid_535
rid_814,rid_804
rid_814,rid_327
rid_814,rid_336
rid_814,rid_706
rid_814,rid_328
rid_814,rid_913
rid_814,rid_705
rid_814,rid_799
rid_814,rid_618
rid_979,rid_889
rid_74,rid_512
rid_74,rid_261
rid_74,rid_407
rid_74,rid_735
rid_74,rid_154
rid_873,rid_359
rid_873,rid_762
rid_873,rid_17
rid_873,rid_927
rid_873,rid_988
rid_243,rid_377
rid_243,rid_35
rid_243,rid_419
rid_243,rid_445
rid_243,rid_845
rid_243,rid_561
rid_243,rid_473
rid_243,rid_452
rid_243,rid_748
rid_243,rid_822
rid_243,rid_438
rid_243,rid_699
rid_243,rid_907
rid_243,rid_129
rid_243,rid_245
rid_243,rid_131
rid_377,rid_445
rid_377,rid_845
rid_377,rid_561
rid_377,rid_473
rid_377,rid_452
rid_377,rid_748
rid_377,rid_822
rid_377,rid_438
rid_377,rid_699
rid_377,rid_907
rid_377,rid_129
rid_377,rid_245
rid_377,rid_131
rid_566,rid_917
rid_566,rid_101
rid_306,rid_671
rid_306,rid_148
rid_306,rid_174
rid_306,rid_835
rid_611,rid_526
rid_611,rid_628
rid_611,rid_207
rid_611,rid_100
rid_657,rid_894
rid_657,rid_65
rid_657,rid_540
rid_657,rid_474
rid_657,rid_498
rid_657,rid_558
rid_235,rid_884
rid_235,rid_305
rid_235,rid_112
rid_235,rid_886
rid_235,rid_455
rid_235,rid_453
rid_235,rid_92
rid_235,rid_342
rid_235,rid_953
rid_235,rid_553
rid_235,rid_309
rid_235,rid_914
rid_235,rid_408
rid_716,rid_499
rid_716,rid_849
rid_500,rid_627
rid_500,rid_366
rid_500,rid_66
rid_384,rid_384
rid_384,rid_429
rid_384,rid_308
rid_384,rid_800
rid_384,rid_899
rid_384,rid_635
rid_384,rid_335
rid_384,rid_172
rid_384,rid_19
rid_384,rid_737
rid_384,rid_533
rid_40,rid_299
rid_40,rid_543
rid_560,rid_246
rid_560,rid_646
rid_560,rid_400
rid_560,rid_905
rid_560,rid_135
rid_560,rid_573
rid_560,rid_845
rid_560,rid_486
rid_560,rid_332
rid_560,rid_158
rid_560,rid_219
rid_584,rid_120
rid_584,rid_987
rid_584,rid_452
rid_584,rid_960
rid_584,rid_588
rid_560,rid_728
rid_560,rid_285
rid_560,rid_900
rid_560,rid_261
rid_560,rid_113
rid_560,rid_770
rid_915,rid_581
rid_915,rid_271
rid_915,rid_402
rid_915,rid_890
rid_915,rid_335
rid_413,rid_599
rid_413,rid_132
rid_413,rid_784
rid_413,rid_755
rid_413,rid_586
rid_413,rid_978
rid_413,rid_599
rid_413,rid_140
rid_413,rid_962
rid_792,rid_642
rid_792,rid_977
rid_792,rid_36
rid_792,rid_376
rid_792,rid_746
rid_792,rid_867
rid_792,rid_627
rid_792,rid_365
rid_792,rid_545
rid_792,rid_695
rid_642,rid_365
rid_642,rid_695
rid_929,rid_174
rid_929,rid_255
rid_929,rid_930
rid_929,rid_499
rid_929,rid_849
rid_929,rid_232
rid_929,rid_88
rid_436,rid_185
rid_436,rid_722
rid_436,rid_6
rid_436,rid_913
rid_436,rid_71
rid_436,rid_101
rid_436,rid_766
rid_436,rid_945
rid_436,rid_413
rid_436,rid_904
rid_436,rid_808
rid_436,rid_878
rid_924,rid_483
rid_924,rid_778
rid_924,rid_562
rid_924,rid_896
rid_924,rid_513
rid_924,rid_848
rid_976,rid_166
rid_976,rid_956
rid_976,rid_527
rid_976,rid_270
rid_976,rid_733
rid_976,rid_544
rid_976,rid_646
rid_884,rid_305
rid_884,rid_112
rid_884,rid_886
rid_884,rid_455
rid_884,rid_453
rid_884,rid_92
rid_884,rid_342
rid_884,rid_953
rid_884,rid_553
rid_884,rid_309
rid_884,rid_914
rid_884,rid_408
rid_246,rid_400
rid_246,rid_905
rid_246,rid_135
rid_246,rid_573
rid_246,rid_845
rid_246,rid_486
rid_246,rid_332
rid_246,rid_158
rid_246,rid_219
rid_418,rid_783
rid_418,rid_245
rid_218,rid_253
rid_146,rid_944
rid_146,rid_585
rid_146,rid_180
rid_146,rid_348
rid_995,rid_817
rid_995,rid_77
rid_995,rid_52
rid_995,rid_659
rid_995,rid_574
rid_995,rid_970
rid_995,rid_586
rid_753,rid_280
rid_753,rid_995
rid_753,rid_520
rid_753,rid_538
rid_753,rid_118
rid_986,rid_669
rid_986,rid_696
rid_986,rid_836
rid_986,rid_713
rid_986,rid_885
rid_986,rid_315
rid_986,rid_27
rid_986,rid_29
rid_986,rid_644
rid_636,rid_722
rid_636,rid_721
rid_636,rid_305
rid_636,rid_732
rid_636,rid_179
rid_636,rid_333
rid_636,rid_426
rid_636,rid_660
rid_636,rid_354
rid_636,rid_160
rid_636,rid_184
rid_636,rid_621
rid_636,rid_650
rid_636,rid_474
rid_636,rid_474
rid_722,rid_721
rid_722,rid_305
rid_722,rid_732
rid_722,rid_179
rid_722,rid_333
rid_722,rid_426
rid_722,rid_354
rid_722,rid_160
rid_722,rid_184
rid_722,rid_474
rid_283,rid_191
rid_283,rid_416
rid_283,rid_141
rid_283,rid_965
rid_832,rid_615
rid_832,rid_460
rid_832,rid_77
rid_832,rid_564
rid_832,rid_806
rid_832,rid_937
rid_832,rid_790
rid_832,rid_988
rid_832,rid_774
rid_832,rid_550
rid_832,rid_41
rid_832,rid_551
rid_832,rid_188
rid_832,rid_185
rid_136,rid_640
rid_136,rid_721
rid_136,rid_436
rid_136,rid_864
rid_136,rid_900
rid_136,rid_636
rid_136,rid_363
rid_136,rid_601
rid_792,rid_151
rid_792,rid_753
rid_792,rid_230
rid_792,rid_535
rid_792,rid_804
rid_792,rid_336
rid_792,rid_706
rid_792,rid_913
rid_792,rid_799
rid_792,rid_618
rid_774,rid_391
rid_515,rid_960
rid_515,rid_872
rid_515,rid_314
rid_287,rid_632
rid_287,rid_892
rid_287,rid_552
rid_287,rid_28
rid_287,rid_663
rid_287,rid_530
rid_457,rid_47
rid_457,rid_642
rid_457,rid_638
rid_457,rid_161
rid_457,rid_923
rid_457,rid_164
rid_457,rid_982
rid_839,rid_657
rid_839,rid_359
rid_839,rid_762
rid_839,rid_17
rid_839,rid_34
rid_839,rid_927
rid_839,rid_988
rid_839,rid_237
rid_321,rid_398
rid_321,rid_135
rid_321,rid_193
rid_321,rid_844
rid_321,rid_773
rid_615,rid_460
rid_615,rid_790
rid_615,rid_41
rid_615,rid_551
rid_182,rid_932
rid_182,rid_154
rid_182,rid_956
rid_182,rid_429
rid_182,rid_489
rid_305,rid_112
rid_305,rid_886
rid_305,rid_455
rid_305,rid_453
rid_305,rid_92
rid_305,rid_342
rid_305,rid_953
rid_305,rid_553
rid_305,rid_309
rid_305,rid_914
rid_305,rid_408
rid_643,rid_929
rid_643,rid_679
rid_643,rid_518
rid_14,rid_935
rid_14,rid_47
rid_14,rid_728
rid_14,rid_127
rid_14,rid_964
rid_14,rid_526
rid_14,rid_387
rid_14,rid_642
rid_14,rid_638
rid_14,rid_161
rid_14,rid_923
rid_14,rid_164
rid_14,rid_982
rid_211,rid_554
rid_211,rid_293
rid_211,rid_513
rid_211,rid_482
rid_211,rid_499
rid_211,rid_157
rid_211,rid_998
rid_211,rid_391
rid_211,rid_857
rid_211,rid_962
rid_211,rid_325
rid_211,rid_909
rid_695,rid_838
rid_695,rid_986
rid_695,rid_221
rid_695,rid_311
rid_695,rid_410
rid_695,rid_187
rid_695,rid_821
rid_695,rid_407
rid_398,rid_135
rid_398,rid_193
rid_398,rid_844
rid_721,rid_179
rid_721,rid_474
rid_470,rid_842
rid_470,rid_977
rid_470,rid_256
rid_470,rid_36
rid_470,rid_376
rid_470,rid_343
rid_470,rid_746
rid_470,rid_588
rid_470,rid_342
rid_470,rid_867
rid_470,rid_627
rid_470,rid_365
rid_470,rid_545
rid_470,rid_695
rid_809,rid_581
rid_809,rid_241
rid_809,rid_205
rid_809,rid_299
rid_809,rid_135
rid_809,rid_228
rid_809,rid_860
rid_809,rid_193
rid_809,rid_844
rid_809,rid_563
rid_809,rid_773
rid_809,rid_762
rid_809,rid_792
rid_809,rid_984
rid_809,rid_316
rid_641,rid_431
rid_641,rid_89
rid_641,rid_531
rid_641,rid_133
rid_641,rid_359
rid_641,rid_460
rid_641,rid_814
rid_723,rid_674
rid_723,rid_962
rid_723,rid_158
rid_723,rid_340
rid_699,rid_193
rid_699,rid_872
rid_699,rid_774
rid_699,rid_202
rid_699,rid_711
rid_699,rid_859
rid_699,rid_185
rid_699,rid_544
rid_699,rid_44
rid_699,rid_931
rid_699,rid_306
rid_699,rid_205
rid_699,rid_97
rid_699,rid_723
rid_633,rid_292
rid_633,rid_974
rid_633,rid_951
rid_633,rid_246
rid_633,rid_627
rid_633,rid_11
rid_26,rid_105
rid_26,rid_193
rid_26,rid_278
rid_483,rid_896
rid_483,rid_513
rid_930,rid_550
rid_930,rid_979
rid_930,rid_595
rid_930,rid_162
rid_930,rid_155
rid_930,rid_981
rid_930,rid_420
rid_930,rid_546
rid_930,rid_356
rid_930,rid_465
rid_930,rid_921
rid_930,rid_292
rid_930,rid_714
rid_930,rid_728
rid_138,rid_932
rid_138,rid_868
rid_138,rid_978
rid_138,rid_928
rid_138,rid_618
rid_138,rid_840
rid_138,rid_54
rid_138,rid_578
rid_138,rid_882
rid_138,rid_984
rid_138,rid_337
rid_138,rid_442
rid_138,rid_890
rid_788,rid_669
rid_788,rid_696
rid_788,rid_836
rid_788,rid_713
rid_788,rid_885
rid_788,rid_315
rid_788,rid_27
rid_788,rid_29
rid_788,rid_644
rid_384,rid_896
rid_384,rid_20
rid_384,rid_748
rid_384,rid_839
rid_384,rid_902
rid_384,rid_368
rid_384,rid_685
rid_384,rid_745
rid_384,rid_853
rid_384,rid_321
rid_384,rid_996
rid_384,rid_812
rid_384,rid_465
rid_384,rid_420
rid_384,rid_969
rid_384,rid_400
rid_112,rid_886
rid_112,rid_455
rid_112,rid_453
rid_112,rid_92
rid_112,rid_342
rid_112,rid_953
rid_112,rid_309
rid_112,rid_914
rid_112,rid_408
rid_526,rid_207
rid_35,rid_419
rid_35,rid_445
rid_35,rid_845
rid_35,rid_561
rid_35,rid_473
rid_35,rid_452
rid_35,rid_748
rid_35,rid_822
rid_35,rid_438
rid_35,rid_699
rid_35,rid_907
rid_35,rid_129
rid_35,rid_245
rid_35,rid_131
rid_324,rid_128
rid_324,rid_592
rid_324,rid_966
rid_324,rid_292
rid_324,rid_419
rid_324,rid_476
rid_324,rid_872
rid_324,rid_246
rid_480,rid_186
rid_480,rid_4
rid_480,rid_730
rid_480,rid_577
rid_480,rid_468
rid_480,rid_456
rid_480,rid_483
rid_480,rid_659
rid_480,rid_497
rid_480,rid_14
rid_480,rid_341
rid_151,rid_753
rid_151,rid_230
rid_151,rid_535
rid_151,rid_804
rid_151,rid_336
rid_151,rid_706
rid_151,rid_913
rid_151,rid_799
rid_151,rid_618
rid_513,rid_346
rid_513,rid_583
rid_185,rid_722
rid_185,rid_6
rid_185,rid_913
rid_185,rid_766
rid_185,rid_945
rid_185,rid_413
rid_185,rid_904
rid_185,rid_808
rid_185,rid_878
rid_389,rid_786
rid_389,rid_944
rid_389,rid_56
rid_389,rid_585
rid_389,rid_180
rid_389,rid_61
rid_389,rid_314
rid_389,rid_348
rid_35,rid_113
rid_35,rid_498
rid_389,rid_544
rid_389,rid_765
rid_389,rid_858
rid_389,rid_900
rid_389,rid_628
rid_389,rid_683
rid_389,rid_238
rid_544,rid_765
rid_544,rid_858
rid_544,rid_683
rid_544,rid_238
rid_581,rid_241
rid_581,rid_299
rid_581,rid_135
rid_581,rid_228
rid_581,rid_193
rid_581,rid_844
rid_581,rid_563
rid_581,rid_773
rid_581,rid_762
rid_581,rid_984
rid_581,rid_316
rid_831,rid_264
rid_831,rid_705
rid_831,rid_257
rid_831,rid_22
rid_831,rid_91
rid_831,rid_11
rid_831,rid_652
rid_831,rid_981
rid_831,rid_889
rid_13,rid_346
rid_13,rid_962
rid_13,rid_357
rid_13,rid_565
rid_13,rid_615
rid_13,rid_943
rid_13,rid_955
rid_13,rid_458
rid_13,rid_21
rid_13,rid_225
rid_13,rid_924
rid_13,rid_23
rid_13,rid_162
rid_13,rid_499
rid_13,rid_375
rid_646,rid_15
rid_646,rid_932
rid_646,rid_154
rid_646,rid_719
rid_646,rid_956
rid_646,rid_429
rid_646,rid_70
rid_646,rid_792
rid_646,rid_489
rid_603,rid_763
rid_603,rid_311
rid_603,rid_283
rid_603,rid_278
rid_603,rid_356
rid_603,rid_120
rid_603,rid_709
rid_603,rid_651
rid_817,rid_77
rid_817,rid_52
rid_817,rid_659
rid_817,rid_574
rid_817,rid_970
rid_817,rid_586
rid_762,rid_166
rid_762,rid_956
rid_762,rid_527
rid_762,rid_270
rid_762,rid_733
rid_762,rid_544
rid_762,rid_646
rid_496,rid_742
rid_241,rid_135
rid_241,rid_193
rid_241,rid_844
rid_241,rid_563
rid_241,rid_773
rid_241,rid_762
rid_241,rid_316
rid_4,rid_105
rid_4,rid_193
rid_4,rid_278
rid_4,rid_5
rid_4,rid_801
rid_4,rid_289
rid_4,rid_772
rid_460,rid_225
rid_953,rid_998
rid_953,rid_490
rid_953,rid_337
rid_953,rid_575
rid_953,rid_384
rid_953,rid_567
rid_953,rid_599
rid_953,rid_779
rid_953,rid_569
rid_640,rid_436
rid_640,rid_900
rid_640,rid_636
rid_640,rid_363
rid_640,rid_601
rid_724,rid_500
rid_724,rid_719
rid_724,rid_289
rid_724,rid_635
rid_724,rid_684
rid_485,rid_146
rid_485,rid_968
rid_485,rid_787
rid_485,rid_810
rid_485,rid_293
rid_838,rid_221
rid_838,rid_410
rid_838,rid_187
rid_473,rid_799
rid_293,rid_244
rid_293,rid_230
rid_293,rid_400
rid_293,rid_1
rid_129,rid_419
rid_129,rid_641
rid_129,rid_962
rid_129,rid_830
rid_129,rid_183
rid_857,rid_721
rid_857,rid_436
rid_857,rid_498
rid_857,rid_864
rid_857,rid_900
rid_857,rid_636
rid_857,rid_363
rid_857,rid_601
rid_859,rid_581
rid_859,rid_377
rid_859,rid_342
rid_859,rid_271
rid_859,rid_588
rid_859,rid_402
rid_859,rid_927
rid_859,rid_379
rid_859,rid_345
rid_859,rid_890
rid_859,rid_335
rid_628,rid_512
rid_628,rid_261
rid_628,rid_407
rid_628,rid_562
rid_628,rid_372
rid_628,rid_141
rid_628,rid_735
rid_628,rid_154
rid_174,rid_930
rid_174,rid_499
rid_174,rid_849
rid_394,rid_657
rid_394,rid_854
rid_394,rid_359
rid_394,rid_762
rid_394,rid_17
rid_394,rid_681
rid_394,rid_34
rid_394,rid_927
rid_394,rid_988
rid_394,rid_237
rid_384,rid_429
rid_384,rid_800
rid_384,rid_335
rid_384,rid_19
rid_896,rid_20
rid_896,rid_839
rid_896,rid_902
rid_896,rid_368
rid_896,rid_685
rid_896,rid_745
rid_896,rid_853
rid_896,rid_996
rid_896,rid_812
rid_896,rid_465
rid_896,rid_969
rid_896,rid_400
rid_330,rid_166
rid_330,rid_956
rid_330,rid_527
rid_330,rid_270
rid_330,rid_733
rid_330,rid_544
rid_330,rid_646
rid_746,rid_857
rid_746,rid_24
rid_746,rid_527
rid_746,rid_525
rid_746,rid_692
rid_746,rid_954
rid_305,rid_179
rid_305,rid_333
rid_305,rid_426
rid_305,rid_354
rid_305,rid_160
rid_305,rid_184
rid_305,rid_474
rid_186,rid_4
rid_186,rid_730
rid_186,rid_577
rid_186,rid_483
rid_186,rid_497
rid_186,rid_341
rid_886,rid_453
rid_886,rid_342
rid_886,rid_953
rid_886,rid_309
rid_886,rid_914
rid_886,rid_408
rid_646,rid_400
rid_646,rid_905
rid_646,rid_135
rid_646,rid_573
rid_646,rid_845
rid_646,rid_486
rid_646,rid_332
rid_646,rid_158
rid_646,rid_219
rid_616,rid_731
rid_616,rid_749
rid_616,rid_720
rid_616,rid_47
rid_616,rid_938
rid_616,rid_314
rid_616,rid_553
rid_616,rid_494
rid_616,rid_742
rid_616,rid_985
rid_616,rid_21
rid_679,rid_721
rid_679,rid_436
rid_679,rid_498
rid_679,rid_864
rid_679,rid_900
rid_679,rid_636
rid_679,rid_363
rid_679,rid_601
rid_391,rid_378
rid_391,rid_975
rid_391,rid_728
rid_391,rid_388
rid_391,rid_507
rid_391,rid_316
rid_391,rid_417
rid_391,rid_952
rid_391,rid_288
rid_391,rid_775
rid_391,rid_853
rid_391,rid_231
rid_15,rid_932
rid_15,rid_154
rid_15,rid_956
rid_15,rid_429
rid_15,rid_489
rid_628,rid_207
rid_932,rid_882
rid_753,rid_230
rid_753,rid_535
rid_753,rid_804
rid_753,rid_336
rid_753,rid_706
rid_753,rid_913
rid_753,rid_799
rid_753,rid_618
rid_646,rid_455
rid_646,rid_453
rid_646,rid_92
rid_646,rid_342
rid_646,rid_953
rid_646,rid_490
rid_646,rid_553
rid_646,rid_960
rid_646,rid_263
rid_646,rid_309
rid_646,rid_914
rid_646,rid_408
rid_622,rid_535
rid_622,rid_846
rid_622,rid_152
rid_622,rid_917
rid_622,rid_979
rid_622,rid_898
rid_622,rid_101
rid_919,rid_894
rid_919,rid_65
rid_919,rid_223
rid_919,rid_982
rid_919,rid_735
rid_919,rid_540
rid_919,rid_474
rid_919,rid_498
rid_919,rid_558
rid_205,rid_299
rid_205,rid_135
rid_205,rid_228
rid_205,rid_193
rid_205,rid_844
rid_205,rid_563
rid_205,rid_773
rid_205,rid_762
rid_205,rid_984
rid_205,rid_316
rid_764,rid_909
rid_872,rid_45
rid_63,rid_857
rid_63,rid_757
rid_63,rid_654
rid_63,rid_452
rid_63,rid_643
rid_63,rid_991
rid_63,rid_666
rid_63,rid_985
rid_63,rid_147
rid_63,rid_637
rid_63,rid_238
rid_63,rid_847
rid_696,rid_836
rid_696,rid_713
rid_696,rid_885
rid_696,rid_315
rid_696,rid_27
rid_696,rid_29
rid_696,rid_644
rid_932,rid_674
rid_932,rid_962
rid_932,rid_158
rid_932,rid_340
rid_932,rid_321
rid_932,rid_805
rid_554,rid_448
rid_554,rid_96
rid_554,rid_272
rid_554,rid_633
rid_554,rid_917
rid_554,rid_379
rid_554,rid_913
rid_554,rid_277
rid_554,rid_911
rid_554,rid_643
rid_554,rid_618
rid_857,rid_757
rid_857,rid_452
rid_857,rid_991
rid_857,rid_985
rid_857,rid_147
rid_857,rid_637
rid_857,rid_238
rid_446,rid_576
rid_446,rid_355
rid_446,rid_234
rid_446,rid_325
rid_446,rid_576
rid_554,rid_513
rid_554,rid_157
rid_554,rid_998
rid_554,rid_391
rid_554,rid_909
rid_576,rid_258
rid_576,rid_32
rid_576,rid_655
rid_576,rid_323
rid_576,rid_354
rid_576,rid_469
rid_576,rid_383
rid_576,rid_587
rid_576,rid_645
rid_576,rid_643
rid_346,rid_583
rid_258,rid_32
rid_258,rid_655
rid_258,rid_323
rid_258,rid_354
rid_258,rid_469
rid_258,rid_587
rid_258,rid_645
rid_258,rid_643
rid_660,rid_192
rid_660,rid_867
rid_660,rid_698
rid_660,rid_39
rid_660,rid_846
rid_599,rid_856
rid_599,rid_687
rid_599,rid_287
rid_599,rid_750
rid_599,rid_309
rid_599,rid_702
rid_599,rid_422
rid_599,rid_340
rid_652,rid_212
rid_652,rid_24
rid_652,rid_4
rid_652,rid_730
rid_652,rid_577
rid_652,rid_468
rid_652,rid_456
rid_652,rid_483
rid_652,rid_659
rid_652,rid_497
rid_652,rid_14
rid_652,rid_341
rid_343,rid_347
rid_343,rid_991
rid_343,rid_49
rid_343,rid_773
rid_343,rid_717
rid_343,rid_888
rid_343,rid_420
rid_802,rid_960
rid_802,rid_765
rid_802,rid_138
rid_802,rid_470
rid_802,rid_473
rid_802,rid_872
rid_802,rid_314
rid_802,rid_100
rid_732,rid_179
rid_732,rid_333
rid_732,rid_426
rid_732,rid_354
rid_732,rid_160
rid_732,rid_184
rid_732,rid_474
rid_346,rid_962
rid_346,rid_357
rid_346,rid_565
rid_346,rid_615
rid_346,rid_943
rid_346,rid_955
rid_346,rid_458
rid_346,rid_21
rid_346,rid_225
rid_346,rid_924
rid_346,rid_23
rid_346,rid_162
rid_346,rid_499
rid_346,rid_375
rid_304,rid_394
rid_304,rid_760
rid_304,rid_128
rid_304,rid_908
rid_304,rid_700
rid_304,rid_658
rid_293,rid_513
rid_293,rid_482
rid_293,rid_499
rid_293,rid_157
rid_293,rid_998
rid_293,rid_391
rid_293,rid_857
rid_293,rid_962
rid_293,rid_325
rid_293,rid_909
rid_995,rid_295
rid_581,rid_271
rid_581,rid_402
rid_581,rid_890
rid_581,rid_335
rid_766,rid_945
rid_257,rid_299
rid_257,rid_148
rid_257,rid_646
rid_257,rid_983
rid_257,rid_528
rid_257,rid_453
rid_257,rid_543
rid_257,rid_160
rid_257,rid_547
rid_637,rid_817
rid_637,rid_296
rid_637,rid_536
